config,trades,trades_per_day,wins,stops,scratch,win_rate,tp_before_sl,profit_factor,net_pct,max_drawdown_pct,avg_hold_min
LONG:above_pivot+hist_turn_up+rvol_thrust_up|nk0.0|vm0.8|am_0845_1130,8,0.13,8,0,0,100.0,100.0,inf,2.4,0.0,17.5
LONG:above_pivot+hist_turn_up+rvol_thrust_up|nk0.0|vm1.2|am_0845_1130,8,0.13,8,0,0,100.0,100.0,inf,2.4,0.0,17.5
LONG:above_vwap+above_pivot+hist_turn_up+rvol_thrust_up|nk0.0|vm0.8|am_0845_1130,8,0.13,8,0,0,100.0,100.0,inf,2.4,0.0,17.5
LONG:above_vwap+above_pivot+hist_turn_up+rvol_thrust_up|nk0.0|vm1.2|am_0845_1130,8,0.13,8,0,0,100.0,100.0,inf,2.4,0.0,17.5
LONG:adi_up+above_pivot+hist_turn_up+rvol_thrust_up|nk0.0|vm0.8|am_0845_1130,8,0.13,8,0,0,100.0,100.0,inf,2.4,0.0,17.5
LONG:adi_up+above_pivot+hist_turn_up+rvol_thrust_up|nk0.0|vm1.2|am_0845_1130,8,0.13,8,0,0,100.0,100.0,inf,2.4,0.0,17.5
LONG:delta_surge+above_pivot+hist_turn_up+rvol_thrust_up|nk0.0|vm0.8|am_0845_1130,8,0.13,8,0,0,100.0,100.0,inf,2.4,0.0,17.5
LONG:delta_surge+above_pivot+hist_turn_up+rvol_thrust_up|nk0.0|vm1.2|am_0845_1130,8,0.13,8,0,0,100.0,100.0,inf,2.4,0.0,17.5
LONG:above_pivot+hist_turn_up+strong_close+rvol_thrust_up|nk0.0|vm0.8|am_0845_1130,8,0.13,8,0,0,100.0,100.0,inf,2.4,0.0,17.5
LONG:above_pivot+hist_turn_up+strong_close+rvol_thrust_up|nk0.0|vm1.2|am_0845_1130,8,0.13,8,0,0,100.0,100.0,inf,2.4,0.0,17.5
LONG:above_pivot+hist_turn_up+strong_close+above_vwap_v|nk0.0|vm0.8|am_0845_1130,8,0.13,8,0,0,100.0,100.0,inf,2.4,0.0,17.5
LONG:above_pivot+hist_turn_up+strong_close+above_vwap_v|nk0.0|vm1.2|am_0845_1130,8,0.13,8,0,0,100.0,100.0,inf,2.4,0.0,17.5
LONG:above_pivot+hist_turn_up+rvol_thrust_up+above_vwap_v|nk0.0|vm0.8|am_0845_1130,8,0.13,8,0,0,100.0,100.0,inf,2.4,0.0,17.5
LONG:above_pivot+hist_turn_up+rvol_thrust_up+above_vwap_v|nk0.0|vm1.2|am_0845_1130,8,0.13,8,0,0,100.0,100.0,inf,2.4,0.0,17.5
LONG:hist_turn_up+rvol_thrust_up|nk0.8|vm0.8|am_0845_1130,7,0.12,7,0,0,100.0,100.0,inf,2.1,0.0,17.1
LONG:hist_turn_up+rvol_thrust_up|nk0.8|vm1.2|am_0845_1130,7,0.12,7,0,0,100.0,100.0,inf,2.1,0.0,17.1
LONG:above_vwap+hist_turn_up+rvol_thrust_up|nk0.8|vm0.8|am_0845_1130,7,0.12,7,0,0,100.0,100.0,inf,2.1,0.0,17.1
LONG:above_vwap+hist_turn_up+rvol_thrust_up|nk0.8|vm1.2|am_0845_1130,7,0.12,7,0,0,100.0,100.0,inf,2.1,0.0,17.1
LONG:adi_up+hist_turn_up+rvol_thrust_up|nk0.8|vm0.8|am_0845_1130,7,0.12,7,0,0,100.0,100.0,inf,2.1,0.0,17.1
LONG:adi_up+hist_turn_up+rvol_thrust_up|nk0.8|vm1.2|am_0845_1130,7,0.12,7,0,0,100.0,100.0,inf,2.1,0.0,17.1
LONG:delta_surge+hist_turn_up+rvol_thrust_up|nk0.8|vm0.8|am_0845_1130,7,0.12,7,0,0,100.0,100.0,inf,2.1,0.0,17.1
LONG:delta_surge+hist_turn_up+rvol_thrust_up|nk0.8|vm1.2|am_0845_1130,7,0.12,7,0,0,100.0,100.0,inf,2.1,0.0,17.1
LONG:above_pivot+hist_turn_up+rvol_thrust_up|nk0.5|vm0.8|am_0845_1130,7,0.12,7,0,0,100.0,100.0,inf,2.1,0.0,17.1
LONG:above_pivot+hist_turn_up+rvol_thrust_up|nk0.5|vm1.2|am_0845_1130,7,0.12,7,0,0,100.0,100.0,inf,2.1,0.0,17.1
LONG:above_pivot+hist_turn_up+rvol_thrust_up|nk0.8|vm0.8|am_0845_1130,7,0.12,7,0,0,100.0,100.0,inf,2.1,0.0,17.1
LONG:above_pivot+hist_turn_up+rvol_thrust_up|nk0.8|vm1.2|am_0845_1130,7,0.12,7,0,0,100.0,100.0,inf,2.1,0.0,17.1
LONG:hist_turn_up+strong_close+rvol_thrust_up|nk0.8|vm0.8|am_0845_1130,7,0.12,7,0,0,100.0,100.0,inf,2.1,0.0,17.1
LONG:hist_turn_up+strong_close+rvol_thrust_up|nk0.8|vm1.2|am_0845_1130,7,0.12,7,0,0,100.0,100.0,inf,2.1,0.0,17.1
LONG:hist_turn_up+strong_close+above_vwap_v|nk0.8|vm0.8|am_0845_1130,7,0.12,7,0,0,100.0,100.0,inf,2.1,0.0,17.1
LONG:hist_turn_up+strong_close+above_vwap_v|nk0.8|vm1.2|am_0845_1130,7,0.12,7,0,0,100.0,100.0,inf,2.1,0.0,17.1
LONG:hist_turn_up+rvol_thrust_up+above_vwap_v|nk0.8|vm0.8|am_0845_1130,7,0.12,7,0,0,100.0,100.0,inf,2.1,0.0,17.1
LONG:hist_turn_up+rvol_thrust_up+above_vwap_v|nk0.8|vm1.2|am_0845_1130,7,0.12,7,0,0,100.0,100.0,inf,2.1,0.0,17.1
LONG:above_vwap+adi_up+hist_turn_up+rvol_thrust_up|nk0.8|vm0.8|am_0845_1130,7,0.12,7,0,0,100.0,100.0,inf,2.1,0.0,17.1
LONG:above_vwap+adi_up+hist_turn_up+rvol_thrust_up|nk0.8|vm1.2|am_0845_1130,7,0.12,7,0,0,100.0,100.0,inf,2.1,0.0,17.1
LONG:above_vwap+delta_surge+hist_turn_up+rvol_thrust_up|nk0.8|vm0.8|am_0845_1130,7,0.12,7,0,0,100.0,100.0,inf,2.1,0.0,17.1
LONG:above_vwap+delta_surge+hist_turn_up+rvol_thrust_up|nk0.8|vm1.2|am_0845_1130,7,0.12,7,0,0,100.0,100.0,inf,2.1,0.0,17.1
LONG:above_vwap+above_pivot+hist_turn_up+rvol_thrust_up|nk0.5|vm0.8|am_0845_1130,7,0.12,7,0,0,100.0,100.0,inf,2.1,0.0,17.1
LONG:above_vwap+above_pivot+hist_turn_up+rvol_thrust_up|nk0.5|vm1.2|am_0845_1130,7,0.12,7,0,0,100.0,100.0,inf,2.1,0.0,17.1
LONG:above_vwap+above_pivot+hist_turn_up+rvol_thrust_up|nk0.8|vm0.8|am_0845_1130,7,0.12,7,0,0,100.0,100.0,inf,2.1,0.0,17.1
LONG:above_vwap+above_pivot+hist_turn_up+rvol_thrust_up|nk0.8|vm1.2|am_0845_1130,7,0.12,7,0,0,100.0,100.0,inf,2.1,0.0,17.1
LONG:above_vwap+hist_turn_up+strong_close+rvol_thrust_up|nk0.8|vm0.8|am_0845_1130,7,0.12,7,0,0,100.0,100.0,inf,2.1,0.0,17.1
LONG:above_vwap+hist_turn_up+strong_close+rvol_thrust_up|nk0.8|vm1.2|am_0845_1130,7,0.12,7,0,0,100.0,100.0,inf,2.1,0.0,17.1
LONG:above_vwap+hist_turn_up+strong_close+above_vwap_v|nk0.8|vm0.8|am_0845_1130,7,0.12,7,0,0,100.0,100.0,inf,2.1,0.0,17.1
LONG:above_vwap+hist_turn_up+strong_close+above_vwap_v|nk0.8|vm1.2|am_0845_1130,7,0.12,7,0,0,100.0,100.0,inf,2.1,0.0,17.1
LONG:above_vwap+hist_turn_up+rvol_thrust_up+above_vwap_v|nk0.8|vm0.8|am_0845_1130,7,0.12,7,0,0,100.0,100.0,inf,2.1,0.0,17.1
LONG:above_vwap+hist_turn_up+rvol_thrust_up+above_vwap_v|nk0.8|vm1.2|am_0845_1130,7,0.12,7,0,0,100.0,100.0,inf,2.1,0.0,17.1
LONG:adi_up+delta_surge+hist_turn_up+rvol_thrust_up|nk0.8|vm0.8|am_0845_1130,7,0.12,7,0,0,100.0,100.0,inf,2.1,0.0,17.1
LONG:adi_up+delta_surge+hist_turn_up+rvol_thrust_up|nk0.8|vm1.2|am_0845_1130,7,0.12,7,0,0,100.0,100.0,inf,2.1,0.0,17.1
LONG:adi_up+above_pivot+hist_turn_up+rvol_thrust_up|nk0.5|vm0.8|am_0845_1130,7,0.12,7,0,0,100.0,100.0,inf,2.1,0.0,17.1
LONG:adi_up+above_pivot+hist_turn_up+rvol_thrust_up|nk0.5|vm1.2|am_0845_1130,7,0.12,7,0,0,100.0,100.0,inf,2.1,0.0,17.1
LONG:adi_up+above_pivot+hist_turn_up+rvol_thrust_up|nk0.8|vm0.8|am_0845_1130,7,0.12,7,0,0,100.0,100.0,inf,2.1,0.0,17.1
LONG:adi_up+above_pivot+hist_turn_up+rvol_thrust_up|nk0.8|vm1.2|am_0845_1130,7,0.12,7,0,0,100.0,100.0,inf,2.1,0.0,17.1
LONG:adi_up+hist_turn_up+strong_close+rvol_thrust_up|nk0.8|vm0.8|am_0845_1130,7,0.12,7,0,0,100.0,100.0,inf,2.1,0.0,17.1
LONG:adi_up+hist_turn_up+strong_close+rvol_thrust_up|nk0.8|vm1.2|am_0845_1130,7,0.12,7,0,0,100.0,100.0,inf,2.1,0.0,17.1
LONG:adi_up+hist_turn_up+strong_close+above_vwap_v|nk0.8|vm0.8|am_0845_1130,7,0.12,7,0,0,100.0,100.0,inf,2.1,0.0,17.1
LONG:adi_up+hist_turn_up+strong_close+above_vwap_v|nk0.8|vm1.2|am_0845_1130,7,0.12,7,0,0,100.0,100.0,inf,2.1,0.0,17.1
LONG:adi_up+hist_turn_up+rvol_thrust_up+above_vwap_v|nk0.8|vm0.8|am_0845_1130,7,0.12,7,0,0,100.0,100.0,inf,2.1,0.0,17.1
LONG:adi_up+hist_turn_up+rvol_thrust_up+above_vwap_v|nk0.8|vm1.2|am_0845_1130,7,0.12,7,0,0,100.0,100.0,inf,2.1,0.0,17.1
LONG:delta_surge+above_pivot+hist_turn_up+rvol_thrust_up|nk0.5|vm0.8|am_0845_1130,7,0.12,7,0,0,100.0,100.0,inf,2.1,0.0,17.1
LONG:delta_surge+above_pivot+hist_turn_up+rvol_thrust_up|nk0.5|vm1.2|am_0845_1130,7,0.12,7,0,0,100.0,100.0,inf,2.1,0.0,17.1
LONG:delta_surge+above_pivot+hist_turn_up+rvol_thrust_up|nk0.8|vm0.8|am_0845_1130,7,0.12,7,0,0,100.0,100.0,inf,2.1,0.0,17.1
LONG:delta_surge+above_pivot+hist_turn_up+rvol_thrust_up|nk0.8|vm1.2|am_0845_1130,7,0.12,7,0,0,100.0,100.0,inf,2.1,0.0,17.1
LONG:delta_surge+hist_turn_up+strong_close+rvol_thrust_up|nk0.8|vm0.8|am_0845_1130,7,0.12,7,0,0,100.0,100.0,inf,2.1,0.0,17.1
LONG:delta_surge+hist_turn_up+strong_close+rvol_thrust_up|nk0.8|vm1.2|am_0845_1130,7,0.12,7,0,0,100.0,100.0,inf,2.1,0.0,17.1
LONG:delta_surge+hist_turn_up+strong_close+above_vwap_v|nk0.8|vm0.8|am_0845_1130,7,0.12,7,0,0,100.0,100.0,inf,2.1,0.0,17.1
LONG:delta_surge+hist_turn_up+strong_close+above_vwap_v|nk0.8|vm1.2|am_0845_1130,7,0.12,7,0,0,100.0,100.0,inf,2.1,0.0,17.1
LONG:delta_surge+hist_turn_up+rvol_thrust_up+above_vwap_v|nk0.8|vm0.8|am_0845_1130,7,0.12,7,0,0,100.0,100.0,inf,2.1,0.0,17.1
LONG:delta_surge+hist_turn_up+rvol_thrust_up+above_vwap_v|nk0.8|vm1.2|am_0845_1130,7,0.12,7,0,0,100.0,100.0,inf,2.1,0.0,17.1
LONG:above_pivot+hist_turn_up+strong_close+rvol_thrust_up|nk0.5|vm0.8|am_0845_1130,7,0.12,7,0,0,100.0,100.0,inf,2.1,0.0,17.1
LONG:above_pivot+hist_turn_up+strong_close+rvol_thrust_up|nk0.5|vm1.2|am_0845_1130,7,0.12,7,0,0,100.0,100.0,inf,2.1,0.0,17.1
LONG:above_pivot+hist_turn_up+strong_close+rvol_thrust_up|nk0.8|vm0.8|am_0845_1130,7,0.12,7,0,0,100.0,100.0,inf,2.1,0.0,17.1
LONG:above_pivot+hist_turn_up+strong_close+rvol_thrust_up|nk0.8|vm1.2|am_0845_1130,7,0.12,7,0,0,100.0,100.0,inf,2.1,0.0,17.1
LONG:above_pivot+hist_turn_up+strong_close+above_vwap_v|nk0.5|vm0.8|am_0845_1130,7,0.12,7,0,0,100.0,100.0,inf,2.1,0.0,17.1
LONG:above_pivot+hist_turn_up+strong_close+above_vwap_v|nk0.5|vm1.2|am_0845_1130,7,0.12,7,0,0,100.0,100.0,inf,2.1,0.0,17.1
LONG:above_pivot+hist_turn_up+strong_close+above_vwap_v|nk0.8|vm0.8|am_0845_1130,7,0.12,7,0,0,100.0,100.0,inf,2.1,0.0,17.1
LONG:above_pivot+hist_turn_up+strong_close+above_vwap_v|nk0.8|vm1.2|am_0845_1130,7,0.12,7,0,0,100.0,100.0,inf,2.1,0.0,17.1
LONG:above_pivot+hist_turn_up+rvol_thrust_up+above_vwap_v|nk0.5|vm0.8|am_0845_1130,7,0.12,7,0,0,100.0,100.0,inf,2.1,0.0,17.1
LONG:above_pivot+hist_turn_up+rvol_thrust_up+above_vwap_v|nk0.5|vm1.2|am_0845_1130,7,0.12,7,0,0,100.0,100.0,inf,2.1,0.0,17.1
LONG:above_pivot+hist_turn_up+rvol_thrust_up+above_vwap_v|nk0.8|vm0.8|am_0845_1130,7,0.12,7,0,0,100.0,100.0,inf,2.1,0.0,17.1
LONG:above_pivot+hist_turn_up+rvol_thrust_up+above_vwap_v|nk0.8|vm1.2|am_0845_1130,7,0.12,7,0,0,100.0,100.0,inf,2.1,0.0,17.1
LONG:above_pivot+hist_turn_up+rvol_thrust_up+cvd_up|nk0.0|vm0.8|am_0845_1130,7,0.12,7,0,0,100.0,100.0,inf,2.1,0.0,17.9
LONG:above_pivot+hist_turn_up+rvol_thrust_up+cvd_up|nk0.0|vm1.2|am_0845_1130,7,0.12,7,0,0,100.0,100.0,inf,2.1,0.0,17.9
LONG:above_pivot+hist_turn_up+rvol_thrust_up+cvd_up_v|nk0.0|vm0.8|am_0845_1130,7,0.12,7,0,0,100.0,100.0,inf,2.1,0.0,17.9
LONG:above_pivot+hist_turn_up+rvol_thrust_up+cvd_up_v|nk0.0|vm1.2|am_0845_1130,7,0.12,7,0,0,100.0,100.0,inf,2.1,0.0,17.9
LONG:macd_x_up+hist_turn_up+strong_close+cvd_up|nk0.0|vm1.2|full_0845_1400,7,0.12,7,0,0,100.0,100.0,inf,2.1,0.0,19.3
LONG:macd_x_up+hist_turn_up+strong_close+cvd_up|nk0.5|vm1.2|full_0845_1400,7,0.12,7,0,0,100.0,100.0,inf,2.1,0.0,19.3
LONG:macd_x_up+hist_turn_up+strong_close+cvd_up|nk0.8|vm1.2|full_0845_1400,7,0.12,7,0,0,100.0,100.0,inf,2.1,0.0,19.3
LONG:hist_turn_up+strong_close+rvol_thrust_up+above_vwap_v|nk0.8|vm0.8|am_0845_1130,7,0.12,7,0,0,100.0,100.0,inf,2.1,0.0,17.1
LONG:hist_turn_up+strong_close+rvol_thrust_up+above_vwap_v|nk0.8|vm1.2|am_0845_1130,7,0.12,7,0,0,100.0,100.0,inf,2.1,0.0,17.1
LONG:vwap_reclaim+rvol_thrust_up|nk0.0|vm0.8|am_0845_1130,6,0.1,6,0,0,100.0,100.0,inf,1.8,0.0,30.0
LONG:vwap_reclaim+rvol_thrust_up|nk0.0|vm1.2|am_0845_1130,6,0.1,6,0,0,100.0,100.0,inf,1.8,0.0,30.0
LONG:vwap_reclaim+rvol_thrust_up|nk0.5|vm0.8|am_0845_1130,6,0.1,6,0,0,100.0,100.0,inf,1.8,0.0,30.0
LONG:vwap_reclaim+rvol_thrust_up|nk0.5|vm1.2|am_0845_1130,6,0.1,6,0,0,100.0,100.0,inf,1.8,0.0,30.0
LONG:vwap_reclaim+above_vwap_v|nk0.0|vm0.8|am_0845_1130,6,0.1,6,0,0,100.0,100.0,inf,1.8,0.0,30.0
LONG:vwap_reclaim+above_vwap_v|nk0.0|vm1.2|am_0845_1130,6,0.1,6,0,0,100.0,100.0,inf,1.8,0.0,30.0
LONG:vwap_reclaim+above_vwap_v|nk0.5|vm0.8|am_0845_1130,6,0.1,6,0,0,100.0,100.0,inf,1.8,0.0,30.0
LONG:vwap_reclaim+above_vwap_v|nk0.5|vm1.2|am_0845_1130,6,0.1,6,0,0,100.0,100.0,inf,1.8,0.0,30.0
LONG:yhigh_break+hist_turn_up|nk0.8|vm0.8|mid_1030_1300,6,0.1,6,0,0,100.0,100.0,inf,1.8,0.0,100.0
LONG:vwap_reclaim_v+rvol_thrust_up|nk0.0|vm0.8|am_0845_1130,6,0.1,6,0,0,100.0,100.0,inf,1.8,0.0,30.0
LONG:vwap_reclaim_v+rvol_thrust_up|nk0.0|vm1.2|am_0845_1130,6,0.1,6,0,0,100.0,100.0,inf,1.8,0.0,30.0
LONG:vwap_reclaim_v+rvol_thrust_up|nk0.5|vm0.8|am_0845_1130,6,0.1,6,0,0,100.0,100.0,inf,1.8,0.0,30.0
LONG:vwap_reclaim_v+rvol_thrust_up|nk0.5|vm1.2|am_0845_1130,6,0.1,6,0,0,100.0,100.0,inf,1.8,0.0,30.0
LONG:vwap_reclaim_v+above_vwap_v|nk0.0|vm0.8|am_0845_1130,6,0.1,6,0,0,100.0,100.0,inf,1.8,0.0,30.0
LONG:vwap_reclaim_v+above_vwap_v|nk0.0|vm1.2|am_0845_1130,6,0.1,6,0,0,100.0,100.0,inf,1.8,0.0,30.0
LONG:vwap_reclaim_v+above_vwap_v|nk0.5|vm0.8|am_0845_1130,6,0.1,6,0,0,100.0,100.0,inf,1.8,0.0,30.0
LONG:vwap_reclaim_v+above_vwap_v|nk0.5|vm1.2|am_0845_1130,6,0.1,6,0,0,100.0,100.0,inf,1.8,0.0,30.0
LONG:vwap_reclaim+above_vwap+rvol_thrust_up|nk0.0|vm0.8|am_0845_1130,6,0.1,6,0,0,100.0,100.0,inf,1.8,0.0,30.0
LONG:vwap_reclaim+above_vwap+rvol_thrust_up|nk0.0|vm1.2|am_0845_1130,6,0.1,6,0,0,100.0,100.0,inf,1.8,0.0,30.0
LONG:vwap_reclaim+above_vwap+rvol_thrust_up|nk0.5|vm0.8|am_0845_1130,6,0.1,6,0,0,100.0,100.0,inf,1.8,0.0,30.0
LONG:vwap_reclaim+above_vwap+rvol_thrust_up|nk0.5|vm1.2|am_0845_1130,6,0.1,6,0,0,100.0,100.0,inf,1.8,0.0,30.0
LONG:vwap_reclaim+above_vwap+above_vwap_v|nk0.0|vm0.8|am_0845_1130,6,0.1,6,0,0,100.0,100.0,inf,1.8,0.0,30.0
LONG:vwap_reclaim+above_vwap+above_vwap_v|nk0.0|vm1.2|am_0845_1130,6,0.1,6,0,0,100.0,100.0,inf,1.8,0.0,30.0
LONG:vwap_reclaim+above_vwap+above_vwap_v|nk0.5|vm0.8|am_0845_1130,6,0.1,6,0,0,100.0,100.0,inf,1.8,0.0,30.0
LONG:vwap_reclaim+above_vwap+above_vwap_v|nk0.5|vm1.2|am_0845_1130,6,0.1,6,0,0,100.0,100.0,inf,1.8,0.0,30.0
LONG:vwap_reclaim+strong_close+rvol_thrust_up|nk0.0|vm0.8|am_0845_1130,6,0.1,6,0,0,100.0,100.0,inf,1.8,0.0,30.0
LONG:vwap_reclaim+strong_close+rvol_thrust_up|nk0.0|vm1.2|am_0845_1130,6,0.1,6,0,0,100.0,100.0,inf,1.8,0.0,30.0
LONG:vwap_reclaim+strong_close+rvol_thrust_up|nk0.5|vm0.8|am_0845_1130,6,0.1,6,0,0,100.0,100.0,inf,1.8,0.0,30.0
LONG:vwap_reclaim+strong_close+rvol_thrust_up|nk0.5|vm1.2|am_0845_1130,6,0.1,6,0,0,100.0,100.0,inf,1.8,0.0,30.0
LONG:vwap_reclaim+strong_close+above_vwap_v|nk0.0|vm0.8|am_0845_1130,6,0.1,6,0,0,100.0,100.0,inf,1.8,0.0,30.0
LONG:vwap_reclaim+strong_close+above_vwap_v|nk0.0|vm1.2|am_0845_1130,6,0.1,6,0,0,100.0,100.0,inf,1.8,0.0,30.0
LONG:vwap_reclaim+strong_close+above_vwap_v|nk0.5|vm0.8|am_0845_1130,6,0.1,6,0,0,100.0,100.0,inf,1.8,0.0,30.0
LONG:vwap_reclaim+strong_close+above_vwap_v|nk0.5|vm1.2|am_0845_1130,6,0.1,6,0,0,100.0,100.0,inf,1.8,0.0,30.0
LONG:vwap_reclaim+vwap_reclaim_v+rvol_thrust_up|nk0.0|vm0.8|am_0845_1130,6,0.1,6,0,0,100.0,100.0,inf,1.8,0.0,30.0
LONG:vwap_reclaim+vwap_reclaim_v+rvol_thrust_up|nk0.0|vm1.2|am_0845_1130,6,0.1,6,0,0,100.0,100.0,inf,1.8,0.0,30.0
LONG:vwap_reclaim+vwap_reclaim_v+rvol_thrust_up|nk0.5|vm0.8|am_0845_1130,6,0.1,6,0,0,100.0,100.0,inf,1.8,0.0,30.0
LONG:vwap_reclaim+vwap_reclaim_v+rvol_thrust_up|nk0.5|vm1.2|am_0845_1130,6,0.1,6,0,0,100.0,100.0,inf,1.8,0.0,30.0
LONG:vwap_reclaim+vwap_reclaim_v+above_vwap_v|nk0.0|vm0.8|am_0845_1130,6,0.1,6,0,0,100.0,100.0,inf,1.8,0.0,30.0
LONG:vwap_reclaim+vwap_reclaim_v+above_vwap_v|nk0.0|vm1.2|am_0845_1130,6,0.1,6,0,0,100.0,100.0,inf,1.8,0.0,30.0
LONG:vwap_reclaim+vwap_reclaim_v+above_vwap_v|nk0.5|vm0.8|am_0845_1130,6,0.1,6,0,0,100.0,100.0,inf,1.8,0.0,30.0
LONG:vwap_reclaim+vwap_reclaim_v+above_vwap_v|nk0.5|vm1.2|am_0845_1130,6,0.1,6,0,0,100.0,100.0,inf,1.8,0.0,30.0
LONG:vwap_reclaim+rvol_thrust_up+above_vwap_v|nk0.0|vm0.8|am_0845_1130,6,0.1,6,0,0,100.0,100.0,inf,1.8,0.0,30.0
LONG:vwap_reclaim+rvol_thrust_up+above_vwap_v|nk0.0|vm1.2|am_0845_1130,6,0.1,6,0,0,100.0,100.0,inf,1.8,0.0,30.0
LONG:vwap_reclaim+rvol_thrust_up+above_vwap_v|nk0.5|vm0.8|am_0845_1130,6,0.1,6,0,0,100.0,100.0,inf,1.8,0.0,30.0
LONG:vwap_reclaim+rvol_thrust_up+above_vwap_v|nk0.5|vm1.2|am_0845_1130,6,0.1,6,0,0,100.0,100.0,inf,1.8,0.0,30.0
LONG:above_vwap+vwap_reclaim_v+rvol_thrust_up|nk0.0|vm0.8|am_0845_1130,6,0.1,6,0,0,100.0,100.0,inf,1.8,0.0,30.0
LONG:above_vwap+vwap_reclaim_v+rvol_thrust_up|nk0.0|vm1.2|am_0845_1130,6,0.1,6,0,0,100.0,100.0,inf,1.8,0.0,30.0
LONG:above_vwap+vwap_reclaim_v+rvol_thrust_up|nk0.5|vm0.8|am_0845_1130,6,0.1,6,0,0,100.0,100.0,inf,1.8,0.0,30.0
LONG:above_vwap+vwap_reclaim_v+rvol_thrust_up|nk0.5|vm1.2|am_0845_1130,6,0.1,6,0,0,100.0,100.0,inf,1.8,0.0,30.0
LONG:above_vwap+vwap_reclaim_v+above_vwap_v|nk0.0|vm0.8|am_0845_1130,6,0.1,6,0,0,100.0,100.0,inf,1.8,0.0,30.0
LONG:above_vwap+vwap_reclaim_v+above_vwap_v|nk0.0|vm1.2|am_0845_1130,6,0.1,6,0,0,100.0,100.0,inf,1.8,0.0,30.0
LONG:above_vwap+vwap_reclaim_v+above_vwap_v|nk0.5|vm0.8|am_0845_1130,6,0.1,6,0,0,100.0,100.0,inf,1.8,0.0,30.0
LONG:above_vwap+vwap_reclaim_v+above_vwap_v|nk0.5|vm1.2|am_0845_1130,6,0.1,6,0,0,100.0,100.0,inf,1.8,0.0,30.0
LONG:yhigh_break+above_pivot+hist_turn_up|nk0.8|vm0.8|mid_1030_1300,6,0.1,6,0,0,100.0,100.0,inf,1.8,0.0,100.0
LONG:hist_turn_up+rvol_thrust_up+cvd_up|nk0.8|vm0.8|am_0845_1130,6,0.1,6,0,0,100.0,100.0,inf,1.8,0.0,17.5
LONG:hist_turn_up+rvol_thrust_up+cvd_up|nk0.8|vm1.2|am_0845_1130,6,0.1,6,0,0,100.0,100.0,inf,1.8,0.0,17.5
LONG:hist_turn_up+rvol_thrust_up+cvd_up_v|nk0.8|vm0.8|am_0845_1130,6,0.1,6,0,0,100.0,100.0,inf,1.8,0.0,17.5
LONG:hist_turn_up+rvol_thrust_up+cvd_up_v|nk0.8|vm1.2|am_0845_1130,6,0.1,6,0,0,100.0,100.0,inf,1.8,0.0,17.5
LONG:strong_close+vwap_reclaim_v+rvol_thrust_up|nk0.0|vm0.8|am_0845_1130,6,0.1,6,0,0,100.0,100.0,inf,1.8,0.0,30.0
LONG:strong_close+vwap_reclaim_v+rvol_thrust_up|nk0.0|vm1.2|am_0845_1130,6,0.1,6,0,0,100.0,100.0,inf,1.8,0.0,30.0
LONG:strong_close+vwap_reclaim_v+rvol_thrust_up|nk0.5|vm0.8|am_0845_1130,6,0.1,6,0,0,100.0,100.0,inf,1.8,0.0,30.0
LONG:strong_close+vwap_reclaim_v+rvol_thrust_up|nk0.5|vm1.2|am_0845_1130,6,0.1,6,0,0,100.0,100.0,inf,1.8,0.0,30.0
LONG:strong_close+vwap_reclaim_v+above_vwap_v|nk0.0|vm0.8|am_0845_1130,6,0.1,6,0,0,100.0,100.0,inf,1.8,0.0,30.0
LONG:strong_close+vwap_reclaim_v+above_vwap_v|nk0.0|vm1.2|am_0845_1130,6,0.1,6,0,0,100.0,100.0,inf,1.8,0.0,30.0
LONG:strong_close+vwap_reclaim_v+above_vwap_v|nk0.5|vm0.8|am_0845_1130,6,0.1,6,0,0,100.0,100.0,inf,1.8,0.0,30.0
LONG:strong_close+vwap_reclaim_v+above_vwap_v|nk0.5|vm1.2|am_0845_1130,6,0.1,6,0,0,100.0,100.0,inf,1.8,0.0,30.0
LONG:vwap_reclaim_v+rvol_thrust_up+above_vwap_v|nk0.0|vm0.8|am_0845_1130,6,0.1,6,0,0,100.0,100.0,inf,1.8,0.0,30.0
LONG:vwap_reclaim_v+rvol_thrust_up+above_vwap_v|nk0.0|vm1.2|am_0845_1130,6,0.1,6,0,0,100.0,100.0,inf,1.8,0.0,30.0
LONG:vwap_reclaim_v+rvol_thrust_up+above_vwap_v|nk0.5|vm0.8|am_0845_1130,6,0.1,6,0,0,100.0,100.0,inf,1.8,0.0,30.0
LONG:vwap_reclaim_v+rvol_thrust_up+above_vwap_v|nk0.5|vm1.2|am_0845_1130,6,0.1,6,0,0,100.0,100.0,inf,1.8,0.0,30.0
LONG:vwap_reclaim+above_vwap+strong_close+rvol_thrust_up|nk0.0|vm0.8|am_0845_1130,6,0.1,6,0,0,100.0,100.0,inf,1.8,0.0,30.0
LONG:vwap_reclaim+above_vwap+strong_close+rvol_thrust_up|nk0.0|vm1.2|am_0845_1130,6,0.1,6,0,0,100.0,100.0,inf,1.8,0.0,30.0
LONG:vwap_reclaim+above_vwap+strong_close+rvol_thrust_up|nk0.5|vm0.8|am_0845_1130,6,0.1,6,0,0,100.0,100.0,inf,1.8,0.0,30.0
LONG:vwap_reclaim+above_vwap+strong_close+rvol_thrust_up|nk0.5|vm1.2|am_0845_1130,6,0.1,6,0,0,100.0,100.0,inf,1.8,0.0,30.0
LONG:vwap_reclaim+above_vwap+strong_close+above_vwap_v|nk0.0|vm0.8|am_0845_1130,6,0.1,6,0,0,100.0,100.0,inf,1.8,0.0,30.0
LONG:vwap_reclaim+above_vwap+strong_close+above_vwap_v|nk0.0|vm1.2|am_0845_1130,6,0.1,6,0,0,100.0,100.0,inf,1.8,0.0,30.0
LONG:vwap_reclaim+above_vwap+strong_close+above_vwap_v|nk0.5|vm0.8|am_0845_1130,6,0.1,6,0,0,100.0,100.0,inf,1.8,0.0,30.0
LONG:vwap_reclaim+above_vwap+strong_close+above_vwap_v|nk0.5|vm1.2|am_0845_1130,6,0.1,6,0,0,100.0,100.0,inf,1.8,0.0,30.0
LONG:vwap_reclaim+above_vwap+vwap_reclaim_v+rvol_thrust_up|nk0.0|vm0.8|am_0845_1130,6,0.1,6,0,0,100.0,100.0,inf,1.8,0.0,30.0
LONG:vwap_reclaim+above_vwap+vwap_reclaim_v+rvol_thrust_up|nk0.0|vm1.2|am_0845_1130,6,0.1,6,0,0,100.0,100.0,inf,1.8,0.0,30.0
LONG:vwap_reclaim+above_vwap+vwap_reclaim_v+rvol_thrust_up|nk0.5|vm0.8|am_0845_1130,6,0.1,6,0,0,100.0,100.0,inf,1.8,0.0,30.0
LONG:vwap_reclaim+above_vwap+vwap_reclaim_v+rvol_thrust_up|nk0.5|vm1.2|am_0845_1130,6,0.1,6,0,0,100.0,100.0,inf,1.8,0.0,30.0
LONG:vwap_reclaim+above_vwap+vwap_reclaim_v+above_vwap_v|nk0.0|vm0.8|am_0845_1130,6,0.1,6,0,0,100.0,100.0,inf,1.8,0.0,30.0
LONG:vwap_reclaim+above_vwap+vwap_reclaim_v+above_vwap_v|nk0.0|vm1.2|am_0845_1130,6,0.1,6,0,0,100.0,100.0,inf,1.8,0.0,30.0
LONG:vwap_reclaim+above_vwap+vwap_reclaim_v+above_vwap_v|nk0.5|vm0.8|am_0845_1130,6,0.1,6,0,0,100.0,100.0,inf,1.8,0.0,30.0
LONG:vwap_reclaim+above_vwap+vwap_reclaim_v+above_vwap_v|nk0.5|vm1.2|am_0845_1130,6,0.1,6,0,0,100.0,100.0,inf,1.8,0.0,30.0
LONG:vwap_reclaim+above_vwap+rvol_thrust_up+above_vwap_v|nk0.0|vm0.8|am_0845_1130,6,0.1,6,0,0,100.0,100.0,inf,1.8,0.0,30.0
LONG:vwap_reclaim+above_vwap+rvol_thrust_up+above_vwap_v|nk0.0|vm1.2|am_0845_1130,6,0.1,6,0,0,100.0,100.0,inf,1.8,0.0,30.0
LONG:vwap_reclaim+above_vwap+rvol_thrust_up+above_vwap_v|nk0.5|vm0.8|am_0845_1130,6,0.1,6,0,0,100.0,100.0,inf,1.8,0.0,30.0
LONG:vwap_reclaim+above_vwap+rvol_thrust_up+above_vwap_v|nk0.5|vm1.2|am_0845_1130,6,0.1,6,0,0,100.0,100.0,inf,1.8,0.0,30.0
LONG:vwap_reclaim+strong_close+vwap_reclaim_v+rvol_thrust_up|nk0.0|vm0.8|am_0845_1130,6,0.1,6,0,0,100.0,100.0,inf,1.8,0.0,30.0
LONG:vwap_reclaim+strong_close+vwap_reclaim_v+rvol_thrust_up|nk0.0|vm1.2|am_0845_1130,6,0.1,6,0,0,100.0,100.0,inf,1.8,0.0,30.0
LONG:vwap_reclaim+strong_close+vwap_reclaim_v+rvol_thrust_up|nk0.5|vm0.8|am_0845_1130,6,0.1,6,0,0,100.0,100.0,inf,1.8,0.0,30.0
LONG:vwap_reclaim+strong_close+vwap_reclaim_v+rvol_thrust_up|nk0.5|vm1.2|am_0845_1130,6,0.1,6,0,0,100.0,100.0,inf,1.8,0.0,30.0
LONG:vwap_reclaim+strong_close+vwap_reclaim_v+above_vwap_v|nk0.0|vm0.8|am_0845_1130,6,0.1,6,0,0,100.0,100.0,inf,1.8,0.0,30.0
LONG:vwap_reclaim+strong_close+vwap_reclaim_v+above_vwap_v|nk0.0|vm1.2|am_0845_1130,6,0.1,6,0,0,100.0,100.0,inf,1.8,0.0,30.0
LONG:vwap_reclaim+strong_close+vwap_reclaim_v+above_vwap_v|nk0.5|vm0.8|am_0845_1130,6,0.1,6,0,0,100.0,100.0,inf,1.8,0.0,30.0
LONG:vwap_reclaim+strong_close+vwap_reclaim_v+above_vwap_v|nk0.5|vm1.2|am_0845_1130,6,0.1,6,0,0,100.0,100.0,inf,1.8,0.0,30.0
LONG:vwap_reclaim+strong_close+rvol_thrust_up+above_vwap_v|nk0.0|vm0.8|am_0845_1130,6,0.1,6,0,0,100.0,100.0,inf,1.8,0.0,30.0
LONG:vwap_reclaim+strong_close+rvol_thrust_up+above_vwap_v|nk0.0|vm1.2|am_0845_1130,6,0.1,6,0,0,100.0,100.0,inf,1.8,0.0,30.0
LONG:vwap_reclaim+strong_close+rvol_thrust_up+above_vwap_v|nk0.5|vm0.8|am_0845_1130,6,0.1,6,0,0,100.0,100.0,inf,1.8,0.0,30.0
LONG:vwap_reclaim+strong_close+rvol_thrust_up+above_vwap_v|nk0.5|vm1.2|am_0845_1130,6,0.1,6,0,0,100.0,100.0,inf,1.8,0.0,30.0
LONG:vwap_reclaim+vwap_reclaim_v+rvol_thrust_up+above_vwap_v|nk0.0|vm0.8|am_0845_1130,6,0.1,6,0,0,100.0,100.0,inf,1.8,0.0,30.0
LONG:vwap_reclaim+vwap_reclaim_v+rvol_thrust_up+above_vwap_v|nk0.0|vm1.2|am_0845_1130,6,0.1,6,0,0,100.0,100.0,inf,1.8,0.0,30.0
LONG:vwap_reclaim+vwap_reclaim_v+rvol_thrust_up+above_vwap_v|nk0.5|vm0.8|am_0845_1130,6,0.1,6,0,0,100.0,100.0,inf,1.8,0.0,30.0
LONG:vwap_reclaim+vwap_reclaim_v+rvol_thrust_up+above_vwap_v|nk0.5|vm1.2|am_0845_1130,6,0.1,6,0,0,100.0,100.0,inf,1.8,0.0,30.0
LONG:above_vwap+hist_turn_up+rvol_thrust_up+cvd_up|nk0.8|vm0.8|am_0845_1130,6,0.1,6,0,0,100.0,100.0,inf,1.8,0.0,17.5
LONG:above_vwap+hist_turn_up+rvol_thrust_up+cvd_up|nk0.8|vm1.2|am_0845_1130,6,0.1,6,0,0,100.0,100.0,inf,1.8,0.0,17.5
LONG:above_vwap+hist_turn_up+rvol_thrust_up+cvd_up_v|nk0.8|vm0.8|am_0845_1130,6,0.1,6,0,0,100.0,100.0,inf,1.8,0.0,17.5
LONG:above_vwap+hist_turn_up+rvol_thrust_up+cvd_up_v|nk0.8|vm1.2|am_0845_1130,6,0.1,6,0,0,100.0,100.0,inf,1.8,0.0,17.5
LONG:above_vwap+strong_close+vwap_reclaim_v+rvol_thrust_up|nk0.0|vm0.8|am_0845_1130,6,0.1,6,0,0,100.0,100.0,inf,1.8,0.0,30.0
LONG:above_vwap+strong_close+vwap_reclaim_v+rvol_thrust_up|nk0.0|vm1.2|am_0845_1130,6,0.1,6,0,0,100.0,100.0,inf,1.8,0.0,30.0
LONG:above_vwap+strong_close+vwap_reclaim_v+rvol_thrust_up|nk0.5|vm0.8|am_0845_1130,6,0.1,6,0,0,100.0,100.0,inf,1.8,0.0,30.0
LONG:above_vwap+strong_close+vwap_reclaim_v+rvol_thrust_up|nk0.5|vm1.2|am_0845_1130,6,0.1,6,0,0,100.0,100.0,inf,1.8,0.0,30.0
LONG:above_vwap+strong_close+vwap_reclaim_v+above_vwap_v|nk0.0|vm0.8|am_0845_1130,6,0.1,6,0,0,100.0,100.0,inf,1.8,0.0,30.0
LONG:above_vwap+strong_close+vwap_reclaim_v+above_vwap_v|nk0.0|vm1.2|am_0845_1130,6,0.1,6,0,0,100.0,100.0,inf,1.8,0.0,30.0
LONG:above_vwap+strong_close+vwap_reclaim_v+above_vwap_v|nk0.5|vm0.8|am_0845_1130,6,0.1,6,0,0,100.0,100.0,inf,1.8,0.0,30.0
LONG:above_vwap+strong_close+vwap_reclaim_v+above_vwap_v|nk0.5|vm1.2|am_0845_1130,6,0.1,6,0,0,100.0,100.0,inf,1.8,0.0,30.0
LONG:above_vwap+vwap_reclaim_v+rvol_thrust_up+above_vwap_v|nk0.0|vm0.8|am_0845_1130,6,0.1,6,0,0,100.0,100.0,inf,1.8,0.0,30.0
LONG:above_vwap+vwap_reclaim_v+rvol_thrust_up+above_vwap_v|nk0.0|vm1.2|am_0845_1130,6,0.1,6,0,0,100.0,100.0,inf,1.8,0.0,30.0
LONG:above_vwap+vwap_reclaim_v+rvol_thrust_up+above_vwap_v|nk0.5|vm0.8|am_0845_1130,6,0.1,6,0,0,100.0,100.0,inf,1.8,0.0,30.0
LONG:above_vwap+vwap_reclaim_v+rvol_thrust_up+above_vwap_v|nk0.5|vm1.2|am_0845_1130,6,0.1,6,0,0,100.0,100.0,inf,1.8,0.0,30.0
LONG:adi_up+hist_turn_up+rvol_thrust_up+cvd_up|nk0.8|vm0.8|am_0845_1130,6,0.1,6,0,0,100.0,100.0,inf,1.8,0.0,17.5
LONG:adi_up+hist_turn_up+rvol_thrust_up+cvd_up|nk0.8|vm1.2|am_0845_1130,6,0.1,6,0,0,100.0,100.0,inf,1.8,0.0,17.5
LONG:adi_up+hist_turn_up+rvol_thrust_up+cvd_up_v|nk0.8|vm0.8|am_0845_1130,6,0.1,6,0,0,100.0,100.0,inf,1.8,0.0,17.5
LONG:adi_up+hist_turn_up+rvol_thrust_up+cvd_up_v|nk0.8|vm1.2|am_0845_1130,6,0.1,6,0,0,100.0,100.0,inf,1.8,0.0,17.5
LONG:delta_surge+hist_turn_up+strong_close+cvd_up_v|nk0.8|vm0.8|am_0845_1130,6,0.1,6,0,0,100.0,100.0,inf,1.8,0.0,17.5
LONG:delta_surge+hist_turn_up+strong_close+cvd_up_v|nk0.8|vm1.2|am_0845_1130,6,0.1,6,0,0,100.0,100.0,inf,1.8,0.0,17.5
LONG:delta_surge+hist_turn_up+rvol_thrust_up+cvd_up|nk0.8|vm0.8|am_0845_1130,6,0.1,6,0,0,100.0,100.0,inf,1.8,0.0,17.5
LONG:delta_surge+hist_turn_up+rvol_thrust_up+cvd_up|nk0.8|vm1.2|am_0845_1130,6,0.1,6,0,0,100.0,100.0,inf,1.8,0.0,17.5
LONG:delta_surge+hist_turn_up+rvol_thrust_up+cvd_up_v|nk0.8|vm0.8|am_0845_1130,6,0.1,6,0,0,100.0,100.0,inf,1.8,0.0,17.5
LONG:delta_surge+hist_turn_up+rvol_thrust_up+cvd_up_v|nk0.8|vm1.2|am_0845_1130,6,0.1,6,0,0,100.0,100.0,inf,1.8,0.0,17.5
LONG:above_pivot+hist_turn_up+rvol_thrust_up+cvd_up|nk0.5|vm0.8|am_0845_1130,6,0.1,6,0,0,100.0,100.0,inf,1.8,0.0,17.5
LONG:above_pivot+hist_turn_up+rvol_thrust_up+cvd_up|nk0.5|vm1.2|am_0845_1130,6,0.1,6,0,0,100.0,100.0,inf,1.8,0.0,17.5
LONG:above_pivot+hist_turn_up+rvol_thrust_up+cvd_up|nk0.8|vm0.8|am_0845_1130,6,0.1,6,0,0,100.0,100.0,inf,1.8,0.0,17.5
LONG:above_pivot+hist_turn_up+rvol_thrust_up+cvd_up|nk0.8|vm1.2|am_0845_1130,6,0.1,6,0,0,100.0,100.0,inf,1.8,0.0,17.5
LONG:above_pivot+hist_turn_up+rvol_thrust_up+cvd_up_v|nk0.5|vm0.8|am_0845_1130,6,0.1,6,0,0,100.0,100.0,inf,1.8,0.0,17.5
LONG:above_pivot+hist_turn_up+rvol_thrust_up+cvd_up_v|nk0.5|vm1.2|am_0845_1130,6,0.1,6,0,0,100.0,100.0,inf,1.8,0.0,17.5
LONG:above_pivot+hist_turn_up+rvol_thrust_up+cvd_up_v|nk0.8|vm0.8|am_0845_1130,6,0.1,6,0,0,100.0,100.0,inf,1.8,0.0,17.5
LONG:above_pivot+hist_turn_up+rvol_thrust_up+cvd_up_v|nk0.8|vm1.2|am_0845_1130,6,0.1,6,0,0,100.0,100.0,inf,1.8,0.0,17.5
LONG:hist_turn_up+strong_close+rvol_thrust_up+cvd_up|nk0.8|vm0.8|am_0845_1130,6,0.1,6,0,0,100.0,100.0,inf,1.8,0.0,17.5
LONG:hist_turn_up+strong_close+rvol_thrust_up+cvd_up|nk0.8|vm1.2|am_0845_1130,6,0.1,6,0,0,100.0,100.0,inf,1.8,0.0,17.5
LONG:hist_turn_up+strong_close+rvol_thrust_up+cvd_up_v|nk0.8|vm0.8|am_0845_1130,6,0.1,6,0,0,100.0,100.0,inf,1.8,0.0,17.5
LONG:hist_turn_up+strong_close+rvol_thrust_up+cvd_up_v|nk0.8|vm1.2|am_0845_1130,6,0.1,6,0,0,100.0,100.0,inf,1.8,0.0,17.5
LONG:hist_turn_up+strong_close+above_vwap_v+cvd_up|nk0.8|vm0.8|am_0845_1130,6,0.1,6,0,0,100.0,100.0,inf,1.8,0.0,17.5
LONG:hist_turn_up+strong_close+above_vwap_v+cvd_up|nk0.8|vm1.2|am_0845_1130,6,0.1,6,0,0,100.0,100.0,inf,1.8,0.0,17.5
LONG:hist_turn_up+strong_close+above_vwap_v+cvd_up_v|nk0.8|vm0.8|am_0845_1130,6,0.1,6,0,0,100.0,100.0,inf,1.8,0.0,17.5
LONG:hist_turn_up+strong_close+above_vwap_v+cvd_up_v|nk0.8|vm1.2|am_0845_1130,6,0.1,6,0,0,100.0,100.0,inf,1.8,0.0,17.5
LONG:hist_turn_up+rvol_thrust_up+above_vwap_v+cvd_up|nk0.8|vm0.8|am_0845_1130,6,0.1,6,0,0,100.0,100.0,inf,1.8,0.0,17.5
LONG:hist_turn_up+rvol_thrust_up+above_vwap_v+cvd_up|nk0.8|vm1.2|am_0845_1130,6,0.1,6,0,0,100.0,100.0,inf,1.8,0.0,17.5
LONG:hist_turn_up+rvol_thrust_up+above_vwap_v+cvd_up_v|nk0.8|vm0.8|am_0845_1130,6,0.1,6,0,0,100.0,100.0,inf,1.8,0.0,17.5
LONG:hist_turn_up+rvol_thrust_up+above_vwap_v+cvd_up_v|nk0.8|vm1.2|am_0845_1130,6,0.1,6,0,0,100.0,100.0,inf,1.8,0.0,17.5
LONG:hist_turn_up+rvol_thrust_up+cvd_up+cvd_up_v|nk0.8|vm0.8|am_0845_1130,6,0.1,6,0,0,100.0,100.0,inf,1.8,0.0,17.5
LONG:hist_turn_up+rvol_thrust_up+cvd_up+cvd_up_v|nk0.8|vm1.2|am_0845_1130,6,0.1,6,0,0,100.0,100.0,inf,1.8,0.0,17.5
LONG:strong_close+vwap_reclaim_v+rvol_thrust_up+above_vwap_v|nk0.0|vm0.8|am_0845_1130,6,0.1,6,0,0,100.0,100.0,inf,1.8,0.0,30.0
LONG:strong_close+vwap_reclaim_v+rvol_thrust_up+above_vwap_v|nk0.0|vm1.2|am_0845_1130,6,0.1,6,0,0,100.0,100.0,inf,1.8,0.0,30.0
LONG:strong_close+vwap_reclaim_v+rvol_thrust_up+above_vwap_v|nk0.5|vm0.8|am_0845_1130,6,0.1,6,0,0,100.0,100.0,inf,1.8,0.0,30.0
LONG:strong_close+vwap_reclaim_v+rvol_thrust_up+above_vwap_v|nk0.5|vm1.2|am_0845_1130,6,0.1,6,0,0,100.0,100.0,inf,1.8,0.0,30.0
LONG:hist_turn_up+rvol_thrust_up|nk0.0|vm0.8|am_0845_1130,10,0.17,9,1,0,90.0,90.0,9.0,2.4,0.0,18.5
LONG:hist_turn_up+rvol_thrust_up|nk0.0|vm1.2|am_0845_1130,10,0.17,9,1,0,90.0,90.0,9.0,2.4,0.0,18.5
LONG:above_vwap+hist_turn_up+rvol_thrust_up|nk0.0|vm0.8|am_0845_1130,10,0.17,9,1,0,90.0,90.0,9.0,2.4,0.0,18.5
LONG:above_vwap+hist_turn_up+rvol_thrust_up|nk0.0|vm1.2|am_0845_1130,10,0.17,9,1,0,90.0,90.0,9.0,2.4,0.0,18.5
LONG:hist_turn_up+strong_close+rvol_thrust_up|nk0.0|vm0.8|am_0845_1130,10,0.17,9,1,0,90.0,90.0,9.0,2.4,0.0,18.5
LONG:hist_turn_up+strong_close+rvol_thrust_up|nk0.0|vm1.2|am_0845_1130,10,0.17,9,1,0,90.0,90.0,9.0,2.4,0.0,18.5
LONG:hist_turn_up+strong_close+above_vwap_v|nk0.0|vm0.8|am_0845_1130,10,0.17,9,1,0,90.0,90.0,9.0,2.4,0.0,18.5
LONG:hist_turn_up+strong_close+above_vwap_v|nk0.0|vm1.2|am_0845_1130,10,0.17,9,1,0,90.0,90.0,9.0,2.4,0.0,18.5
LONG:hist_turn_up+rvol_thrust_up+above_vwap_v|nk0.0|vm0.8|am_0845_1130,10,0.17,9,1,0,90.0,90.0,9.0,2.4,0.0,18.5
LONG:hist_turn_up+rvol_thrust_up+above_vwap_v|nk0.0|vm1.2|am_0845_1130,10,0.17,9,1,0,90.0,90.0,9.0,2.4,0.0,18.5
LONG:above_vwap+hist_turn_up+strong_close+rvol_thrust_up|nk0.0|vm0.8|am_0845_1130,10,0.17,9,1,0,90.0,90.0,9.0,2.4,0.0,18.5
LONG:above_vwap+hist_turn_up+strong_close+rvol_thrust_up|nk0.0|vm1.2|am_0845_1130,10,0.17,9,1,0,90.0,90.0,9.0,2.4,0.0,18.5
LONG:above_vwap+hist_turn_up+strong_close+above_vwap_v|nk0.0|vm0.8|am_0845_1130,10,0.17,9,1,0,90.0,90.0,9.0,2.4,0.0,18.5
LONG:above_vwap+hist_turn_up+strong_close+above_vwap_v|nk0.0|vm1.2|am_0845_1130,10,0.17,9,1,0,90.0,90.0,9.0,2.4,0.0,18.5
LONG:above_vwap+hist_turn_up+rvol_thrust_up+above_vwap_v|nk0.0|vm0.8|am_0845_1130,10,0.17,9,1,0,90.0,90.0,9.0,2.4,0.0,18.5
LONG:above_vwap+hist_turn_up+rvol_thrust_up+above_vwap_v|nk0.0|vm1.2|am_0845_1130,10,0.17,9,1,0,90.0,90.0,9.0,2.4,0.0,18.5
LONG:hist_turn_up+strong_close+rvol_thrust_up+above_vwap_v|nk0.0|vm0.8|am_0845_1130,10,0.17,9,1,0,90.0,90.0,9.0,2.4,0.0,18.5
LONG:hist_turn_up+strong_close+rvol_thrust_up+above_vwap_v|nk0.0|vm1.2|am_0845_1130,10,0.17,9,1,0,90.0,90.0,9.0,2.4,0.0,18.5
LONG:hist_turn_up+rvol_thrust_up|nk0.5|vm0.8|am_0845_1130,9,0.15,8,1,0,88.9,88.9,8.0,2.1,0.0,18.3
LONG:hist_turn_up+rvol_thrust_up|nk0.5|vm1.2|am_0845_1130,9,0.15,8,1,0,88.9,88.9,8.0,2.1,0.0,18.3
LONG:above_vwap+hist_turn_up+rvol_thrust_up|nk0.5|vm0.8|am_0845_1130,9,0.15,8,1,0,88.9,88.9,8.0,2.1,0.0,18.3
LONG:above_vwap+hist_turn_up+rvol_thrust_up|nk0.5|vm1.2|am_0845_1130,9,0.15,8,1,0,88.9,88.9,8.0,2.1,0.0,18.3
LONG:adi_up+hist_turn_up+rvol_thrust_up|nk0.0|vm0.8|am_0845_1130,9,0.15,8,1,0,88.9,88.9,8.0,2.1,0.0,19.4
LONG:adi_up+hist_turn_up+rvol_thrust_up|nk0.0|vm1.2|am_0845_1130,9,0.15,8,1,0,88.9,88.9,8.0,2.1,0.0,19.4
LONG:delta_surge+hist_turn_up+rvol_thrust_up|nk0.0|vm0.8|am_0845_1130,9,0.15,8,1,0,88.9,88.9,8.0,2.1,0.0,19.4
LONG:delta_surge+hist_turn_up+rvol_thrust_up|nk0.0|vm1.2|am_0845_1130,9,0.15,8,1,0,88.9,88.9,8.0,2.1,0.0,19.4
LONG:above_pivot+hist_turn_up+above_vwap_v|nk0.0|vm0.8|am_0845_1130,9,0.15,8,1,0,88.9,88.9,8.0,2.1,0.3,16.1
LONG:above_pivot+hist_turn_up+above_vwap_v|nk0.0|vm1.2|am_0845_1130,9,0.15,8,1,0,88.9,88.9,8.0,2.1,0.3,16.1
LONG:hist_turn_up+strong_close+rvol_thrust_up|nk0.5|vm0.8|am_0845_1130,9,0.15,8,1,0,88.9,88.9,8.0,2.1,0.0,18.3
LONG:hist_turn_up+strong_close+rvol_thrust_up|nk0.5|vm1.2|am_0845_1130,9,0.15,8,1,0,88.9,88.9,8.0,2.1,0.0,18.3
LONG:hist_turn_up+strong_close+above_vwap_v|nk0.5|vm0.8|am_0845_1130,9,0.15,8,1,0,88.9,88.9,8.0,2.1,0.0,18.3
LONG:hist_turn_up+strong_close+above_vwap_v|nk0.5|vm1.2|am_0845_1130,9,0.15,8,1,0,88.9,88.9,8.0,2.1,0.0,18.3
LONG:hist_turn_up+rvol_thrust_up+above_vwap_v|nk0.5|vm0.8|am_0845_1130,9,0.15,8,1,0,88.9,88.9,8.0,2.1,0.0,18.3
LONG:hist_turn_up+rvol_thrust_up+above_vwap_v|nk0.5|vm1.2|am_0845_1130,9,0.15,8,1,0,88.9,88.9,8.0,2.1,0.0,18.3
LONG:hist_turn_up+rvol_thrust_up+cvd_up|nk0.0|vm0.8|am_0845_1130,9,0.15,8,1,0,88.9,88.9,8.0,2.1,0.0,18.9
LONG:hist_turn_up+rvol_thrust_up+cvd_up|nk0.0|vm1.2|am_0845_1130,9,0.15,8,1,0,88.9,88.9,8.0,2.1,0.0,18.9
LONG:hist_turn_up+rvol_thrust_up+cvd_up_v|nk0.0|vm0.8|am_0845_1130,9,0.15,8,1,0,88.9,88.9,8.0,2.1,0.0,18.9
LONG:hist_turn_up+rvol_thrust_up+cvd_up_v|nk0.0|vm1.2|am_0845_1130,9,0.15,8,1,0,88.9,88.9,8.0,2.1,0.0,18.9
LONG:above_vwap+adi_up+hist_turn_up+rvol_thrust_up|nk0.0|vm0.8|am_0845_1130,9,0.15,8,1,0,88.9,88.9,8.0,2.1,0.0,19.4
LONG:above_vwap+adi_up+hist_turn_up+rvol_thrust_up|nk0.0|vm1.2|am_0845_1130,9,0.15,8,1,0,88.9,88.9,8.0,2.1,0.0,19.4
LONG:above_vwap+delta_surge+hist_turn_up+rvol_thrust_up|nk0.0|vm0.8|am_0845_1130,9,0.15,8,1,0,88.9,88.9,8.0,2.1,0.0,19.4
LONG:above_vwap+delta_surge+hist_turn_up+rvol_thrust_up|nk0.0|vm1.2|am_0845_1130,9,0.15,8,1,0,88.9,88.9,8.0,2.1,0.0,19.4
LONG:above_vwap+above_pivot+hist_turn_up+above_vwap_v|nk0.0|vm0.8|am_0845_1130,9,0.15,8,1,0,88.9,88.9,8.0,2.1,0.3,16.1
LONG:above_vwap+above_pivot+hist_turn_up+above_vwap_v|nk0.0|vm1.2|am_0845_1130,9,0.15,8,1,0,88.9,88.9,8.0,2.1,0.3,16.1
LONG:above_vwap+hist_turn_up+strong_close+rvol_thrust_up|nk0.5|vm0.8|am_0845_1130,9,0.15,8,1,0,88.9,88.9,8.0,2.1,0.0,18.3
LONG:above_vwap+hist_turn_up+strong_close+rvol_thrust_up|nk0.5|vm1.2|am_0845_1130,9,0.15,8,1,0,88.9,88.9,8.0,2.1,0.0,18.3
LONG:above_vwap+hist_turn_up+strong_close+above_vwap_v|nk0.5|vm0.8|am_0845_1130,9,0.15,8,1,0,88.9,88.9,8.0,2.1,0.0,18.3
LONG:above_vwap+hist_turn_up+strong_close+above_vwap_v|nk0.5|vm1.2|am_0845_1130,9,0.15,8,1,0,88.9,88.9,8.0,2.1,0.0,18.3
LONG:above_vwap+hist_turn_up+rvol_thrust_up+above_vwap_v|nk0.5|vm0.8|am_0845_1130,9,0.15,8,1,0,88.9,88.9,8.0,2.1,0.0,18.3
LONG:above_vwap+hist_turn_up+rvol_thrust_up+above_vwap_v|nk0.5|vm1.2|am_0845_1130,9,0.15,8,1,0,88.9,88.9,8.0,2.1,0.0,18.3
LONG:above_vwap+hist_turn_up+rvol_thrust_up+cvd_up|nk0.0|vm0.8|am_0845_1130,9,0.15,8,1,0,88.9,88.9,8.0,2.1,0.0,18.9
LONG:above_vwap+hist_turn_up+rvol_thrust_up+cvd_up|nk0.0|vm1.2|am_0845_1130,9,0.15,8,1,0,88.9,88.9,8.0,2.1,0.0,18.9
LONG:above_vwap+hist_turn_up+rvol_thrust_up+cvd_up_v|nk0.0|vm0.8|am_0845_1130,9,0.15,8,1,0,88.9,88.9,8.0,2.1,0.0,18.9
LONG:above_vwap+hist_turn_up+rvol_thrust_up+cvd_up_v|nk0.0|vm1.2|am_0845_1130,9,0.15,8,1,0,88.9,88.9,8.0,2.1,0.0,18.9
LONG:adi_up+delta_surge+hist_turn_up+rvol_thrust_up|nk0.0|vm0.8|am_0845_1130,9,0.15,8,1,0,88.9,88.9,8.0,2.1,0.0,19.4
LONG:adi_up+delta_surge+hist_turn_up+rvol_thrust_up|nk0.0|vm1.2|am_0845_1130,9,0.15,8,1,0,88.9,88.9,8.0,2.1,0.0,19.4
LONG:adi_up+above_pivot+hist_turn_up+above_vwap_v|nk0.0|vm0.8|am_0845_1130,9,0.15,8,1,0,88.9,88.9,8.0,2.1,0.3,16.1
LONG:adi_up+above_pivot+hist_turn_up+above_vwap_v|nk0.0|vm1.2|am_0845_1130,9,0.15,8,1,0,88.9,88.9,8.0,2.1,0.3,16.1
LONG:adi_up+hist_turn_up+strong_close+rvol_thrust_up|nk0.0|vm0.8|am_0845_1130,9,0.15,8,1,0,88.9,88.9,8.0,2.1,0.0,19.4
LONG:adi_up+hist_turn_up+strong_close+rvol_thrust_up|nk0.0|vm1.2|am_0845_1130,9,0.15,8,1,0,88.9,88.9,8.0,2.1,0.0,19.4
LONG:adi_up+hist_turn_up+strong_close+above_vwap_v|nk0.0|vm0.8|am_0845_1130,9,0.15,8,1,0,88.9,88.9,8.0,2.1,0.0,19.4
LONG:adi_up+hist_turn_up+strong_close+above_vwap_v|nk0.0|vm1.2|am_0845_1130,9,0.15,8,1,0,88.9,88.9,8.0,2.1,0.0,19.4
LONG:adi_up+hist_turn_up+rvol_thrust_up+above_vwap_v|nk0.0|vm0.8|am_0845_1130,9,0.15,8,1,0,88.9,88.9,8.0,2.1,0.0,19.4
LONG:adi_up+hist_turn_up+rvol_thrust_up+above_vwap_v|nk0.0|vm1.2|am_0845_1130,9,0.15,8,1,0,88.9,88.9,8.0,2.1,0.0,19.4
LONG:delta_surge+above_pivot+hist_turn_up+above_vwap_v|nk0.0|vm0.8|am_0845_1130,9,0.15,8,1,0,88.9,88.9,8.0,2.1,0.3,16.1
LONG:delta_surge+above_pivot+hist_turn_up+above_vwap_v|nk0.0|vm1.2|am_0845_1130,9,0.15,8,1,0,88.9,88.9,8.0,2.1,0.3,16.1
LONG:delta_surge+hist_turn_up+strong_close+rvol_thrust_up|nk0.0|vm0.8|am_0845_1130,9,0.15,8,1,0,88.9,88.9,8.0,2.1,0.0,19.4
LONG:delta_surge+hist_turn_up+strong_close+rvol_thrust_up|nk0.0|vm1.2|am_0845_1130,9,0.15,8,1,0,88.9,88.9,8.0,2.1,0.0,19.4
LONG:delta_surge+hist_turn_up+strong_close+above_vwap_v|nk0.0|vm0.8|am_0845_1130,9,0.15,8,1,0,88.9,88.9,8.0,2.1,0.0,19.4
LONG:delta_surge+hist_turn_up+strong_close+above_vwap_v|nk0.0|vm1.2|am_0845_1130,9,0.15,8,1,0,88.9,88.9,8.0,2.1,0.0,19.4
LONG:delta_surge+hist_turn_up+rvol_thrust_up+above_vwap_v|nk0.0|vm0.8|am_0845_1130,9,0.15,8,1,0,88.9,88.9,8.0,2.1,0.0,19.4
LONG:delta_surge+hist_turn_up+rvol_thrust_up+above_vwap_v|nk0.0|vm1.2|am_0845_1130,9,0.15,8,1,0,88.9,88.9,8.0,2.1,0.0,19.4
LONG:hist_turn_up+strong_close+rvol_thrust_up+above_vwap_v|nk0.5|vm0.8|am_0845_1130,9,0.15,8,1,0,88.9,88.9,8.0,2.1,0.0,18.3
LONG:hist_turn_up+strong_close+rvol_thrust_up+above_vwap_v|nk0.5|vm1.2|am_0845_1130,9,0.15,8,1,0,88.9,88.9,8.0,2.1,0.0,18.3
LONG:hist_turn_up+strong_close+rvol_thrust_up+cvd_up|nk0.0|vm0.8|am_0845_1130,9,0.15,8,1,0,88.9,88.9,8.0,2.1,0.0,18.9
LONG:hist_turn_up+strong_close+rvol_thrust_up+cvd_up|nk0.0|vm1.2|am_0845_1130,9,0.15,8,1,0,88.9,88.9,8.0,2.1,0.0,18.9
LONG:hist_turn_up+strong_close+rvol_thrust_up+cvd_up_v|nk0.0|vm0.8|am_0845_1130,9,0.15,8,1,0,88.9,88.9,8.0,2.1,0.0,18.9
LONG:hist_turn_up+strong_close+rvol_thrust_up+cvd_up_v|nk0.0|vm1.2|am_0845_1130,9,0.15,8,1,0,88.9,88.9,8.0,2.1,0.0,18.9
LONG:hist_turn_up+strong_close+above_vwap_v+cvd_up|nk0.0|vm0.8|am_0845_1130,9,0.15,8,1,0,88.9,88.9,8.0,2.1,0.0,18.9
LONG:hist_turn_up+strong_close+above_vwap_v+cvd_up|nk0.0|vm1.2|am_0845_1130,9,0.15,8,1,0,88.9,88.9,8.0,2.1,0.0,18.9
LONG:hist_turn_up+strong_close+above_vwap_v+cvd_up_v|nk0.0|vm0.8|am_0845_1130,9,0.15,8,1,0,88.9,88.9,8.0,2.1,0.0,18.9
LONG:hist_turn_up+strong_close+above_vwap_v+cvd_up_v|nk0.0|vm1.2|am_0845_1130,9,0.15,8,1,0,88.9,88.9,8.0,2.1,0.0,18.9
LONG:hist_turn_up+rvol_thrust_up+above_vwap_v+cvd_up|nk0.0|vm0.8|am_0845_1130,9,0.15,8,1,0,88.9,88.9,8.0,2.1,0.0,18.9
LONG:hist_turn_up+rvol_thrust_up+above_vwap_v+cvd_up|nk0.0|vm1.2|am_0845_1130,9,0.15,8,1,0,88.9,88.9,8.0,2.1,0.0,18.9
LONG:hist_turn_up+rvol_thrust_up+above_vwap_v+cvd_up_v|nk0.0|vm0.8|am_0845_1130,9,0.15,8,1,0,88.9,88.9,8.0,2.1,0.0,18.9
LONG:hist_turn_up+rvol_thrust_up+above_vwap_v+cvd_up_v|nk0.0|vm1.2|am_0845_1130,9,0.15,8,1,0,88.9,88.9,8.0,2.1,0.0,18.9
LONG:hist_turn_up+rvol_thrust_up+cvd_up+cvd_up_v|nk0.0|vm0.8|am_0845_1130,9,0.15,8,1,0,88.9,88.9,8.0,2.1,0.0,18.9
LONG:hist_turn_up+rvol_thrust_up+cvd_up+cvd_up_v|nk0.0|vm1.2|am_0845_1130,9,0.15,8,1,0,88.9,88.9,8.0,2.1,0.0,18.9
SHORT:below_vwap+r1_reject|nk0.8|vm0.8|mid_1030_1300,9,0.15,8,1,0,88.9,88.9,8.0,2.1,0.3,47.8
LONG:hist_turn_up+above_vwap_v|nk0.8|vm0.8|am_0845_1130,8,0.13,7,1,0,87.5,87.5,7.0,1.8,0.3,15.6
LONG:hist_turn_up+above_vwap_v|nk0.8|vm1.2|am_0845_1130,8,0.13,7,1,0,87.5,87.5,7.0,1.8,0.3,15.6
LONG:above_vwap+hist_turn_up+above_vwap_v|nk0.8|vm0.8|am_0845_1130,8,0.13,7,1,0,87.5,87.5,7.0,1.8,0.3,15.6
LONG:above_vwap+hist_turn_up+above_vwap_v|nk0.8|vm1.2|am_0845_1130,8,0.13,7,1,0,87.5,87.5,7.0,1.8,0.3,15.6
LONG:adi_up+hist_turn_up+rvol_thrust_up|nk0.5|vm0.8|am_0845_1130,8,0.13,7,1,0,87.5,87.5,7.0,1.8,0.0,19.4
LONG:adi_up+hist_turn_up+rvol_thrust_up|nk0.5|vm1.2|am_0845_1130,8,0.13,7,1,0,87.5,87.5,7.0,1.8,0.0,19.4
LONG:adi_up+hist_turn_up+above_vwap_v|nk0.8|vm0.8|am_0845_1130,8,0.13,7,1,0,87.5,87.5,7.0,1.8,0.3,15.6
LONG:adi_up+hist_turn_up+above_vwap_v|nk0.8|vm1.2|am_0845_1130,8,0.13,7,1,0,87.5,87.5,7.0,1.8,0.3,15.6
LONG:delta_surge+hist_turn_up+rvol_thrust_up|nk0.5|vm0.8|am_0845_1130,8,0.13,7,1,0,87.5,87.5,7.0,1.8,0.0,19.4
LONG:delta_surge+hist_turn_up+rvol_thrust_up|nk0.5|vm1.2|am_0845_1130,8,0.13,7,1,0,87.5,87.5,7.0,1.8,0.0,19.4
LONG:delta_surge+hist_turn_up+above_vwap_v|nk0.8|vm0.8|am_0845_1130,8,0.13,7,1,0,87.5,87.5,7.0,1.8,0.3,15.6
LONG:delta_surge+hist_turn_up+above_vwap_v|nk0.8|vm1.2|am_0845_1130,8,0.13,7,1,0,87.5,87.5,7.0,1.8,0.3,15.6
LONG:above_pivot+hist_turn_up+above_vwap_v|nk0.5|vm0.8|am_0845_1130,8,0.13,7,1,0,87.5,87.5,7.0,1.8,0.3,15.6
LONG:above_pivot+hist_turn_up+above_vwap_v|nk0.5|vm1.2|am_0845_1130,8,0.13,7,1,0,87.5,87.5,7.0,1.8,0.3,15.6
LONG:above_pivot+hist_turn_up+above_vwap_v|nk0.8|vm0.8|am_0845_1130,8,0.13,7,1,0,87.5,87.5,7.0,1.8,0.3,15.6
LONG:above_pivot+hist_turn_up+above_vwap_v|nk0.8|vm1.2|am_0845_1130,8,0.13,7,1,0,87.5,87.5,7.0,1.8,0.3,15.6
LONG:macd_x_up+hist_turn_up+cvd_up|nk0.0|vm1.2|full_0845_1400,8,0.13,7,1,0,87.5,87.5,7.0,1.8,0.3,17.5
LONG:macd_x_up+hist_turn_up+cvd_up|nk0.5|vm1.2|full_0845_1400,8,0.13,7,1,0,87.5,87.5,7.0,1.8,0.3,17.5
LONG:macd_x_up+hist_turn_up+cvd_up|nk0.8|vm1.2|full_0845_1400,8,0.13,7,1,0,87.5,87.5,7.0,1.8,0.3,17.5
LONG:hist_turn_up+rvol_thrust_up+cvd_up|nk0.5|vm0.8|am_0845_1130,8,0.13,7,1,0,87.5,87.5,7.0,1.8,0.0,18.8
LONG:hist_turn_up+rvol_thrust_up+cvd_up|nk0.5|vm1.2|am_0845_1130,8,0.13,7,1,0,87.5,87.5,7.0,1.8,0.0,18.8
LONG:hist_turn_up+rvol_thrust_up+cvd_up_v|nk0.5|vm0.8|am_0845_1130,8,0.13,7,1,0,87.5,87.5,7.0,1.8,0.0,18.8
LONG:hist_turn_up+rvol_thrust_up+cvd_up_v|nk0.5|vm1.2|am_0845_1130,8,0.13,7,1,0,87.5,87.5,7.0,1.8,0.0,18.8
LONG:above_vwap+adi_up+hist_turn_up+rvol_thrust_up|nk0.5|vm0.8|am_0845_1130,8,0.13,7,1,0,87.5,87.5,7.0,1.8,0.0,19.4
LONG:above_vwap+adi_up+hist_turn_up+rvol_thrust_up|nk0.5|vm1.2|am_0845_1130,8,0.13,7,1,0,87.5,87.5,7.0,1.8,0.0,19.4
LONG:above_vwap+adi_up+hist_turn_up+above_vwap_v|nk0.8|vm0.8|am_0845_1130,8,0.13,7,1,0,87.5,87.5,7.0,1.8,0.3,15.6
LONG:above_vwap+adi_up+hist_turn_up+above_vwap_v|nk0.8|vm1.2|am_0845_1130,8,0.13,7,1,0,87.5,87.5,7.0,1.8,0.3,15.6
LONG:above_vwap+delta_surge+hist_turn_up+rvol_thrust_up|nk0.5|vm0.8|am_0845_1130,8,0.13,7,1,0,87.5,87.5,7.0,1.8,0.0,19.4
LONG:above_vwap+delta_surge+hist_turn_up+rvol_thrust_up|nk0.5|vm1.2|am_0845_1130,8,0.13,7,1,0,87.5,87.5,7.0,1.8,0.0,19.4
LONG:above_vwap+delta_surge+hist_turn_up+above_vwap_v|nk0.8|vm0.8|am_0845_1130,8,0.13,7,1,0,87.5,87.5,7.0,1.8,0.3,15.6
LONG:above_vwap+delta_surge+hist_turn_up+above_vwap_v|nk0.8|vm1.2|am_0845_1130,8,0.13,7,1,0,87.5,87.5,7.0,1.8,0.3,15.6
LONG:above_vwap+above_pivot+hist_turn_up+above_vwap_v|nk0.5|vm0.8|am_0845_1130,8,0.13,7,1,0,87.5,87.5,7.0,1.8,0.3,15.6
LONG:above_vwap+above_pivot+hist_turn_up+above_vwap_v|nk0.5|vm1.2|am_0845_1130,8,0.13,7,1,0,87.5,87.5,7.0,1.8,0.3,15.6
LONG:above_vwap+above_pivot+hist_turn_up+above_vwap_v|nk0.8|vm0.8|am_0845_1130,8,0.13,7,1,0,87.5,87.5,7.0,1.8,0.3,15.6
LONG:above_vwap+above_pivot+hist_turn_up+above_vwap_v|nk0.8|vm1.2|am_0845_1130,8,0.13,7,1,0,87.5,87.5,7.0,1.8,0.3,15.6
LONG:above_vwap+macd_x_up+hist_turn_up+cvd_up|nk0.0|vm1.2|full_0845_1400,8,0.13,7,1,0,87.5,87.5,7.0,1.8,0.3,17.5
LONG:above_vwap+macd_x_up+hist_turn_up+cvd_up|nk0.5|vm1.2|full_0845_1400,8,0.13,7,1,0,87.5,87.5,7.0,1.8,0.3,17.5
LONG:above_vwap+macd_x_up+hist_turn_up+cvd_up|nk0.8|vm1.2|full_0845_1400,8,0.13,7,1,0,87.5,87.5,7.0,1.8,0.3,17.5
LONG:above_vwap+hist_turn_up+rvol_thrust_up+cvd_up|nk0.5|vm0.8|am_0845_1130,8,0.13,7,1,0,87.5,87.5,7.0,1.8,0.0,18.8
LONG:above_vwap+hist_turn_up+rvol_thrust_up+cvd_up|nk0.5|vm1.2|am_0845_1130,8,0.13,7,1,0,87.5,87.5,7.0,1.8,0.0,18.8
LONG:above_vwap+hist_turn_up+rvol_thrust_up+cvd_up_v|nk0.5|vm0.8|am_0845_1130,8,0.13,7,1,0,87.5,87.5,7.0,1.8,0.0,18.8
LONG:above_vwap+hist_turn_up+rvol_thrust_up+cvd_up_v|nk0.5|vm1.2|am_0845_1130,8,0.13,7,1,0,87.5,87.5,7.0,1.8,0.0,18.8
LONG:adi_up+delta_surge+hist_turn_up+rvol_thrust_up|nk0.5|vm0.8|am_0845_1130,8,0.13,7,1,0,87.5,87.5,7.0,1.8,0.0,19.4
LONG:adi_up+delta_surge+hist_turn_up+rvol_thrust_up|nk0.5|vm1.2|am_0845_1130,8,0.13,7,1,0,87.5,87.5,7.0,1.8,0.0,19.4
LONG:adi_up+delta_surge+hist_turn_up+above_vwap_v|nk0.8|vm0.8|am_0845_1130,8,0.13,7,1,0,87.5,87.5,7.0,1.8,0.3,15.6
LONG:adi_up+delta_surge+hist_turn_up+above_vwap_v|nk0.8|vm1.2|am_0845_1130,8,0.13,7,1,0,87.5,87.5,7.0,1.8,0.3,15.6
LONG:adi_up+above_pivot+hist_turn_up+above_vwap_v|nk0.5|vm0.8|am_0845_1130,8,0.13,7,1,0,87.5,87.5,7.0,1.8,0.3,15.6
LONG:adi_up+above_pivot+hist_turn_up+above_vwap_v|nk0.5|vm1.2|am_0845_1130,8,0.13,7,1,0,87.5,87.5,7.0,1.8,0.3,15.6
LONG:adi_up+above_pivot+hist_turn_up+above_vwap_v|nk0.8|vm0.8|am_0845_1130,8,0.13,7,1,0,87.5,87.5,7.0,1.8,0.3,15.6
LONG:adi_up+above_pivot+hist_turn_up+above_vwap_v|nk0.8|vm1.2|am_0845_1130,8,0.13,7,1,0,87.5,87.5,7.0,1.8,0.3,15.6
LONG:adi_up+macd_x_up+hist_turn_up+cvd_up|nk0.0|vm1.2|full_0845_1400,8,0.13,7,1,0,87.5,87.5,7.0,1.8,0.3,17.5
LONG:adi_up+macd_x_up+hist_turn_up+cvd_up|nk0.5|vm1.2|full_0845_1400,8,0.13,7,1,0,87.5,87.5,7.0,1.8,0.3,17.5
LONG:adi_up+macd_x_up+hist_turn_up+cvd_up|nk0.8|vm1.2|full_0845_1400,8,0.13,7,1,0,87.5,87.5,7.0,1.8,0.3,17.5
LONG:adi_up+hist_turn_up+strong_close+rvol_thrust_up|nk0.5|vm0.8|am_0845_1130,8,0.13,7,1,0,87.5,87.5,7.0,1.8,0.0,19.4
LONG:adi_up+hist_turn_up+strong_close+rvol_thrust_up|nk0.5|vm1.2|am_0845_1130,8,0.13,7,1,0,87.5,87.5,7.0,1.8,0.0,19.4
LONG:adi_up+hist_turn_up+strong_close+above_vwap_v|nk0.5|vm0.8|am_0845_1130,8,0.13,7,1,0,87.5,87.5,7.0,1.8,0.0,19.4
LONG:adi_up+hist_turn_up+strong_close+above_vwap_v|nk0.5|vm1.2|am_0845_1130,8,0.13,7,1,0,87.5,87.5,7.0,1.8,0.0,19.4
LONG:adi_up+hist_turn_up+rvol_thrust_up+above_vwap_v|nk0.5|vm0.8|am_0845_1130,8,0.13,7,1,0,87.5,87.5,7.0,1.8,0.0,19.4
LONG:adi_up+hist_turn_up+rvol_thrust_up+above_vwap_v|nk0.5|vm1.2|am_0845_1130,8,0.13,7,1,0,87.5,87.5,7.0,1.8,0.0,19.4
LONG:adi_up+hist_turn_up+rvol_thrust_up+cvd_up|nk0.0|vm0.8|am_0845_1130,8,0.13,7,1,0,87.5,87.5,7.0,1.8,0.0,20.0
LONG:adi_up+hist_turn_up+rvol_thrust_up+cvd_up|nk0.0|vm1.2|am_0845_1130,8,0.13,7,1,0,87.5,87.5,7.0,1.8,0.0,20.0
LONG:adi_up+hist_turn_up+rvol_thrust_up+cvd_up_v|nk0.0|vm0.8|am_0845_1130,8,0.13,7,1,0,87.5,87.5,7.0,1.8,0.0,20.0
LONG:adi_up+hist_turn_up+rvol_thrust_up+cvd_up_v|nk0.0|vm1.2|am_0845_1130,8,0.13,7,1,0,87.5,87.5,7.0,1.8,0.0,20.0
LONG:delta_surge+above_pivot+hist_turn_up+above_vwap_v|nk0.5|vm0.8|am_0845_1130,8,0.13,7,1,0,87.5,87.5,7.0,1.8,0.3,15.6
LONG:delta_surge+above_pivot+hist_turn_up+above_vwap_v|nk0.5|vm1.2|am_0845_1130,8,0.13,7,1,0,87.5,87.5,7.0,1.8,0.3,15.6
LONG:delta_surge+above_pivot+hist_turn_up+above_vwap_v|nk0.8|vm0.8|am_0845_1130,8,0.13,7,1,0,87.5,87.5,7.0,1.8,0.3,15.6
LONG:delta_surge+above_pivot+hist_turn_up+above_vwap_v|nk0.8|vm1.2|am_0845_1130,8,0.13,7,1,0,87.5,87.5,7.0,1.8,0.3,15.6
LONG:delta_surge+above_pivot+hist_turn_up+cvd_up_v|nk0.0|vm0.8|am_0845_1130,8,0.13,7,1,0,87.5,87.5,7.0,1.8,0.3,16.2
LONG:delta_surge+above_pivot+hist_turn_up+cvd_up_v|nk0.0|vm1.2|am_0845_1130,8,0.13,7,1,0,87.5,87.5,7.0,1.8,0.3,16.2
LONG:delta_surge+hist_turn_up+strong_close+rvol_thrust_up|nk0.5|vm0.8|am_0845_1130,8,0.13,7,1,0,87.5,87.5,7.0,1.8,0.0,19.4
LONG:delta_surge+hist_turn_up+strong_close+rvol_thrust_up|nk0.5|vm1.2|am_0845_1130,8,0.13,7,1,0,87.5,87.5,7.0,1.8,0.0,19.4
LONG:delta_surge+hist_turn_up+strong_close+above_vwap_v|nk0.5|vm0.8|am_0845_1130,8,0.13,7,1,0,87.5,87.5,7.0,1.8,0.0,19.4
LONG:delta_surge+hist_turn_up+strong_close+above_vwap_v|nk0.5|vm1.2|am_0845_1130,8,0.13,7,1,0,87.5,87.5,7.0,1.8,0.0,19.4
LONG:delta_surge+hist_turn_up+strong_close+cvd_up_v|nk0.0|vm0.8|am_0845_1130,8,0.13,7,1,0,87.5,87.5,7.0,1.8,0.0,20.0
LONG:delta_surge+hist_turn_up+strong_close+cvd_up_v|nk0.0|vm1.2|am_0845_1130,8,0.13,7,1,0,87.5,87.5,7.0,1.8,0.0,20.0
LONG:delta_surge+hist_turn_up+rvol_thrust_up+above_vwap_v|nk0.5|vm0.8|am_0845_1130,8,0.13,7,1,0,87.5,87.5,7.0,1.8,0.0,19.4
LONG:delta_surge+hist_turn_up+rvol_thrust_up+above_vwap_v|nk0.5|vm1.2|am_0845_1130,8,0.13,7,1,0,87.5,87.5,7.0,1.8,0.0,19.4
LONG:delta_surge+hist_turn_up+rvol_thrust_up+cvd_up|nk0.0|vm0.8|am_0845_1130,8,0.13,7,1,0,87.5,87.5,7.0,1.8,0.0,20.0
LONG:delta_surge+hist_turn_up+rvol_thrust_up+cvd_up|nk0.0|vm1.2|am_0845_1130,8,0.13,7,1,0,87.5,87.5,7.0,1.8,0.0,20.0
LONG:delta_surge+hist_turn_up+rvol_thrust_up+cvd_up_v|nk0.0|vm0.8|am_0845_1130,8,0.13,7,1,0,87.5,87.5,7.0,1.8,0.0,20.0
LONG:delta_surge+hist_turn_up+rvol_thrust_up+cvd_up_v|nk0.0|vm1.2|am_0845_1130,8,0.13,7,1,0,87.5,87.5,7.0,1.8,0.0,20.0
LONG:above_pivot+hist_turn_up+above_vwap_v+cvd_up|nk0.0|vm0.8|am_0845_1130,8,0.13,7,1,0,87.5,87.5,7.0,1.8,0.3,16.2
LONG:above_pivot+hist_turn_up+above_vwap_v+cvd_up|nk0.0|vm1.2|am_0845_1130,8,0.13,7,1,0,87.5,87.5,7.0,1.8,0.3,16.2
LONG:above_pivot+hist_turn_up+above_vwap_v+cvd_up_v|nk0.0|vm0.8|am_0845_1130,8,0.13,7,1,0,87.5,87.5,7.0,1.8,0.3,16.2
LONG:above_pivot+hist_turn_up+above_vwap_v+cvd_up_v|nk0.0|vm1.2|am_0845_1130,8,0.13,7,1,0,87.5,87.5,7.0,1.8,0.3,16.2
LONG:hist_turn_up+strong_close+rvol_thrust_up+cvd_up|nk0.5|vm0.8|am_0845_1130,8,0.13,7,1,0,87.5,87.5,7.0,1.8,0.0,18.8
LONG:hist_turn_up+strong_close+rvol_thrust_up+cvd_up|nk0.5|vm1.2|am_0845_1130,8,0.13,7,1,0,87.5,87.5,7.0,1.8,0.0,18.8
LONG:hist_turn_up+strong_close+rvol_thrust_up+cvd_up_v|nk0.5|vm0.8|am_0845_1130,8,0.13,7,1,0,87.5,87.5,7.0,1.8,0.0,18.8
LONG:hist_turn_up+strong_close+rvol_thrust_up+cvd_up_v|nk0.5|vm1.2|am_0845_1130,8,0.13,7,1,0,87.5,87.5,7.0,1.8,0.0,18.8
LONG:hist_turn_up+strong_close+above_vwap_v+cvd_up|nk0.5|vm0.8|am_0845_1130,8,0.13,7,1,0,87.5,87.5,7.0,1.8,0.0,18.8
LONG:hist_turn_up+strong_close+above_vwap_v+cvd_up|nk0.5|vm1.2|am_0845_1130,8,0.13,7,1,0,87.5,87.5,7.0,1.8,0.0,18.8
LONG:hist_turn_up+strong_close+above_vwap_v+cvd_up_v|nk0.5|vm0.8|am_0845_1130,8,0.13,7,1,0,87.5,87.5,7.0,1.8,0.0,18.8
LONG:hist_turn_up+strong_close+above_vwap_v+cvd_up_v|nk0.5|vm1.2|am_0845_1130,8,0.13,7,1,0,87.5,87.5,7.0,1.8,0.0,18.8
LONG:hist_turn_up+rvol_thrust_up+above_vwap_v+cvd_up|nk0.5|vm0.8|am_0845_1130,8,0.13,7,1,0,87.5,87.5,7.0,1.8,0.0,18.8
LONG:hist_turn_up+rvol_thrust_up+above_vwap_v+cvd_up|nk0.5|vm1.2|am_0845_1130,8,0.13,7,1,0,87.5,87.5,7.0,1.8,0.0,18.8
LONG:hist_turn_up+rvol_thrust_up+above_vwap_v+cvd_up_v|nk0.5|vm0.8|am_0845_1130,8,0.13,7,1,0,87.5,87.5,7.0,1.8,0.0,18.8
LONG:hist_turn_up+rvol_thrust_up+above_vwap_v+cvd_up_v|nk0.5|vm1.2|am_0845_1130,8,0.13,7,1,0,87.5,87.5,7.0,1.8,0.0,18.8
LONG:hist_turn_up+rvol_thrust_up+cvd_up+cvd_up_v|nk0.5|vm0.8|am_0845_1130,8,0.13,7,1,0,87.5,87.5,7.0,1.8,0.0,18.8
LONG:hist_turn_up+rvol_thrust_up+cvd_up+cvd_up_v|nk0.5|vm1.2|am_0845_1130,8,0.13,7,1,0,87.5,87.5,7.0,1.8,0.0,18.8
SHORT:hist_turn_dn+cvd_dn_v|nk0.5|vm0.8|am_0845_1130,8,0.13,7,1,0,87.5,87.5,7.0,1.8,0.3,17.5
SHORT:hist_turn_dn+cvd_dn_v|nk0.5|vm1.2|am_0845_1130,8,0.13,7,1,0,87.5,87.5,7.0,1.8,0.3,17.5
SHORT:below_vwap+hist_turn_dn+cvd_dn_v|nk0.5|vm0.8|am_0845_1130,8,0.13,7,1,0,87.5,87.5,7.0,1.8,0.3,17.5
SHORT:below_vwap+hist_turn_dn+cvd_dn_v|nk0.5|vm1.2|am_0845_1130,8,0.13,7,1,0,87.5,87.5,7.0,1.8,0.3,17.5
SHORT:hist_turn_dn+cvd_dn+cvd_dn_v|nk0.5|vm0.8|am_0845_1130,8,0.13,7,1,0,87.5,87.5,7.0,1.8,0.3,17.5
SHORT:hist_turn_dn+cvd_dn+cvd_dn_v|nk0.5|vm1.2|am_0845_1130,8,0.13,7,1,0,87.5,87.5,7.0,1.8,0.3,17.5
SHORT:below_vwap+hist_turn_dn+cvd_dn+cvd_dn_v|nk0.5|vm0.8|am_0845_1130,8,0.13,7,1,0,87.5,87.5,7.0,1.8,0.3,17.5
SHORT:below_vwap+hist_turn_dn+cvd_dn+cvd_dn_v|nk0.5|vm1.2|am_0845_1130,8,0.13,7,1,0,87.5,87.5,7.0,1.8,0.3,17.5
SHORT:below_vwap+r1_reject|nk0.5|vm0.8|mid_1030_1300,15,0.25,13,2,0,86.7,86.7,6.5,3.3,0.3,57.7
LONG:vwap_reclaim+vwap_reclaim_v|nk0.8|vm0.8|am_0845_1130,7,0.12,6,1,0,85.7,85.7,6.0,1.5,0.3,27.9
LONG:vwap_reclaim+vwap_reclaim_v|nk0.8|vm1.2|am_0845_1130,7,0.12,6,1,0,85.7,85.7,6.0,1.5,0.3,27.9
LONG:above_vwap+vwap_reclaim_v|nk0.8|vm0.8|am_0845_1130,7,0.12,6,1,0,85.7,85.7,6.0,1.5,0.3,27.9
LONG:above_vwap+vwap_reclaim_v|nk0.8|vm1.2|am_0845_1130,7,0.12,6,1,0,85.7,85.7,6.0,1.5,0.3,27.9
LONG:strong_close+vwap_reclaim_v|nk0.8|vm0.8|am_0845_1130,7,0.12,6,1,0,85.7,85.7,6.0,1.5,0.3,27.9
LONG:strong_close+vwap_reclaim_v|nk0.8|vm1.2|am_0845_1130,7,0.12,6,1,0,85.7,85.7,6.0,1.5,0.3,27.9
LONG:vwap_reclaim+above_vwap+vwap_reclaim_v|nk0.8|vm0.8|am_0845_1130,7,0.12,6,1,0,85.7,85.7,6.0,1.5,0.3,27.9
LONG:vwap_reclaim+above_vwap+vwap_reclaim_v|nk0.8|vm1.2|am_0845_1130,7,0.12,6,1,0,85.7,85.7,6.0,1.5,0.3,27.9
LONG:vwap_reclaim+above_pivot+hist_turn_up|nk0.0|vm0.8|pm_1130_1400,7,0.12,6,1,0,85.7,85.7,6.0,1.5,0.3,62.1
LONG:vwap_reclaim+above_pivot+hist_turn_up|nk0.5|vm0.8|pm_1130_1400,7,0.12,6,1,0,85.7,85.7,6.0,1.5,0.3,62.1
LONG:vwap_reclaim+strong_close+vwap_reclaim_v|nk0.8|vm0.8|am_0845_1130,7,0.12,6,1,0,85.7,85.7,6.0,1.5,0.3,27.9
LONG:vwap_reclaim+strong_close+vwap_reclaim_v|nk0.8|vm1.2|am_0845_1130,7,0.12,6,1,0,85.7,85.7,6.0,1.5,0.3,27.9
LONG:above_vwap+adi_up+s1_bounce|nk0.0|vm1.2|full_0845_1400,7,0.12,6,1,0,85.7,85.7,6.0,1.5,0.3,40.0
LONG:above_vwap+adi_up+s1_bounce|nk0.5|vm1.2|full_0845_1400,7,0.12,6,1,0,85.7,85.7,6.0,1.5,0.3,40.0
LONG:above_vwap+adi_up+s1_bounce|nk0.8|vm1.2|full_0845_1400,7,0.12,6,1,0,85.7,85.7,6.0,1.5,0.3,40.0
LONG:above_vwap+strong_close+vwap_reclaim_v|nk0.8|vm0.8|am_0845_1130,7,0.12,6,1,0,85.7,85.7,6.0,1.5,0.3,27.9
LONG:above_vwap+strong_close+vwap_reclaim_v|nk0.8|vm1.2|am_0845_1130,7,0.12,6,1,0,85.7,85.7,6.0,1.5,0.3,27.9
LONG:adi_up+s1_bounce+cvd_up|nk0.0|vm1.2|full_0845_1400,7,0.12,6,1,0,85.7,85.7,6.0,1.5,0.3,40.0
LONG:adi_up+s1_bounce+cvd_up|nk0.5|vm1.2|full_0845_1400,7,0.12,6,1,0,85.7,85.7,6.0,1.5,0.3,40.0
LONG:adi_up+s1_bounce+cvd_up|nk0.8|vm1.2|full_0845_1400,7,0.12,6,1,0,85.7,85.7,6.0,1.5,0.3,40.0
LONG:delta_surge+hist_turn_up+cvd_up_v|nk0.8|vm0.8|am_0845_1130,7,0.12,6,1,0,85.7,85.7,6.0,1.5,0.3,15.7
LONG:delta_surge+hist_turn_up+cvd_up_v|nk0.8|vm1.2|am_0845_1130,7,0.12,6,1,0,85.7,85.7,6.0,1.5,0.3,15.7
LONG:yhigh_break+hist_turn_up+strong_close|nk0.0|vm0.8|pm_1130_1400,7,0.12,6,0,1,85.7,100.0,inf,2.04,0.0,110.7
LONG:yhigh_break+hist_turn_up+strong_close|nk0.5|vm0.8|pm_1130_1400,7,0.12,6,0,1,85.7,100.0,inf,2.04,0.0,110.7
LONG:yhigh_break+hist_turn_up+cvd_up_v|nk0.8|vm0.8|full_0845_1400,7,0.12,6,1,0,85.7,85.7,6.0,1.5,0.3,41.4
LONG:yhigh_break+hist_turn_up+cvd_up_v|nk0.8|vm1.2|full_0845_1400,7,0.12,6,1,0,85.7,85.7,6.0,1.5,0.3,41.4
LONG:hist_turn_up+above_vwap_v+cvd_up|nk0.8|vm0.8|am_0845_1130,7,0.12,6,1,0,85.7,85.7,6.0,1.5,0.3,15.7
LONG:hist_turn_up+above_vwap_v+cvd_up|nk0.8|vm1.2|am_0845_1130,7,0.12,6,1,0,85.7,85.7,6.0,1.5,0.3,15.7
LONG:hist_turn_up+above_vwap_v+cvd_up_v|nk0.8|vm0.8|am_0845_1130,7,0.12,6,1,0,85.7,85.7,6.0,1.5,0.3,15.7
LONG:hist_turn_up+above_vwap_v+cvd_up_v|nk0.8|vm1.2|am_0845_1130,7,0.12,6,1,0,85.7,85.7,6.0,1.5,0.3,15.7
LONG:vwap_reclaim+above_vwap+above_pivot+hist_turn_up|nk0.0|vm0.8|pm_1130_1400,7,0.12,6,1,0,85.7,85.7,6.0,1.5,0.3,62.1
LONG:vwap_reclaim+above_vwap+above_pivot+hist_turn_up|nk0.5|vm0.8|pm_1130_1400,7,0.12,6,1,0,85.7,85.7,6.0,1.5,0.3,62.1
LONG:vwap_reclaim+above_vwap+strong_close+vwap_reclaim_v|nk0.8|vm0.8|am_0845_1130,7,0.12,6,1,0,85.7,85.7,6.0,1.5,0.3,27.9
LONG:vwap_reclaim+above_vwap+strong_close+vwap_reclaim_v|nk0.8|vm1.2|am_0845_1130,7,0.12,6,1,0,85.7,85.7,6.0,1.5,0.3,27.9
LONG:vwap_reclaim+above_pivot+hist_turn_up+strong_close|nk0.0|vm0.8|pm_1130_1400,7,0.12,6,1,0,85.7,85.7,6.0,1.5,0.3,62.1
LONG:vwap_reclaim+above_pivot+hist_turn_up+strong_close|nk0.5|vm0.8|pm_1130_1400,7,0.12,6,1,0,85.7,85.7,6.0,1.5,0.3,62.1
LONG:above_vwap+adi_up+s1_bounce+cvd_up|nk0.0|vm1.2|full_0845_1400,7,0.12,6,1,0,85.7,85.7,6.0,1.5,0.3,40.0
LONG:above_vwap+adi_up+s1_bounce+cvd_up|nk0.5|vm1.2|full_0845_1400,7,0.12,6,1,0,85.7,85.7,6.0,1.5,0.3,40.0
LONG:above_vwap+adi_up+s1_bounce+cvd_up|nk0.8|vm1.2|full_0845_1400,7,0.12,6,1,0,85.7,85.7,6.0,1.5,0.3,40.0
LONG:above_vwap+delta_surge+hist_turn_up+cvd_up_v|nk0.8|vm0.8|am_0845_1130,7,0.12,6,1,0,85.7,85.7,6.0,1.5,0.3,15.7
LONG:above_vwap+delta_surge+hist_turn_up+cvd_up_v|nk0.8|vm1.2|am_0845_1130,7,0.12,6,1,0,85.7,85.7,6.0,1.5,0.3,15.7
LONG:above_vwap+yhigh_break+hist_turn_up+cvd_up_v|nk0.8|vm0.8|full_0845_1400,7,0.12,6,1,0,85.7,85.7,6.0,1.5,0.3,41.4
LONG:above_vwap+yhigh_break+hist_turn_up+cvd_up_v|nk0.8|vm1.2|full_0845_1400,7,0.12,6,1,0,85.7,85.7,6.0,1.5,0.3,41.4
LONG:above_vwap+hist_turn_up+above_vwap_v+cvd_up|nk0.8|vm0.8|am_0845_1130,7,0.12,6,1,0,85.7,85.7,6.0,1.5,0.3,15.7
LONG:above_vwap+hist_turn_up+above_vwap_v+cvd_up|nk0.8|vm1.2|am_0845_1130,7,0.12,6,1,0,85.7,85.7,6.0,1.5,0.3,15.7
LONG:above_vwap+hist_turn_up+above_vwap_v+cvd_up_v|nk0.8|vm0.8|am_0845_1130,7,0.12,6,1,0,85.7,85.7,6.0,1.5,0.3,15.7
LONG:above_vwap+hist_turn_up+above_vwap_v+cvd_up_v|nk0.8|vm1.2|am_0845_1130,7,0.12,6,1,0,85.7,85.7,6.0,1.5,0.3,15.7
LONG:adi_up+delta_surge+hist_turn_up+cvd_up_v|nk0.8|vm0.8|am_0845_1130,7,0.12,6,1,0,85.7,85.7,6.0,1.5,0.3,15.7
LONG:adi_up+delta_surge+hist_turn_up+cvd_up_v|nk0.8|vm1.2|am_0845_1130,7,0.12,6,1,0,85.7,85.7,6.0,1.5,0.3,15.7
LONG:adi_up+hist_turn_up+rvol_thrust_up+cvd_up|nk0.5|vm0.8|am_0845_1130,7,0.12,6,1,0,85.7,85.7,6.0,1.5,0.0,20.0
LONG:adi_up+hist_turn_up+rvol_thrust_up+cvd_up|nk0.5|vm1.2|am_0845_1130,7,0.12,6,1,0,85.7,85.7,6.0,1.5,0.0,20.0
LONG:adi_up+hist_turn_up+rvol_thrust_up+cvd_up_v|nk0.5|vm0.8|am_0845_1130,7,0.12,6,1,0,85.7,85.7,6.0,1.5,0.0,20.0
LONG:adi_up+hist_turn_up+rvol_thrust_up+cvd_up_v|nk0.5|vm1.2|am_0845_1130,7,0.12,6,1,0,85.7,85.7,6.0,1.5,0.0,20.0
LONG:adi_up+hist_turn_up+above_vwap_v+cvd_up|nk0.8|vm0.8|am_0845_1130,7,0.12,6,1,0,85.7,85.7,6.0,1.5,0.3,15.7
LONG:adi_up+hist_turn_up+above_vwap_v+cvd_up|nk0.8|vm1.2|am_0845_1130,7,0.12,6,1,0,85.7,85.7,6.0,1.5,0.3,15.7
LONG:adi_up+hist_turn_up+above_vwap_v+cvd_up_v|nk0.8|vm0.8|am_0845_1130,7,0.12,6,1,0,85.7,85.7,6.0,1.5,0.3,15.7
LONG:adi_up+hist_turn_up+above_vwap_v+cvd_up_v|nk0.8|vm1.2|am_0845_1130,7,0.12,6,1,0,85.7,85.7,6.0,1.5,0.3,15.7
LONG:delta_surge+above_pivot+hist_turn_up+cvd_up_v|nk0.5|vm0.8|am_0845_1130,7,0.12,6,1,0,85.7,85.7,6.0,1.5,0.3,15.7
LONG:delta_surge+above_pivot+hist_turn_up+cvd_up_v|nk0.5|vm1.2|am_0845_1130,7,0.12,6,1,0,85.7,85.7,6.0,1.5,0.3,15.7
LONG:delta_surge+above_pivot+hist_turn_up+cvd_up_v|nk0.8|vm0.8|am_0845_1130,7,0.12,6,1,0,85.7,85.7,6.0,1.5,0.3,15.7
LONG:delta_surge+above_pivot+hist_turn_up+cvd_up_v|nk0.8|vm1.2|am_0845_1130,7,0.12,6,1,0,85.7,85.7,6.0,1.5,0.3,15.7
LONG:delta_surge+hist_turn_up+strong_close+cvd_up_v|nk0.5|vm0.8|am_0845_1130,7,0.12,6,1,0,85.7,85.7,6.0,1.5,0.0,20.0
LONG:delta_surge+hist_turn_up+strong_close+cvd_up_v|nk0.5|vm1.2|am_0845_1130,7,0.12,6,1,0,85.7,85.7,6.0,1.5,0.0,20.0
LONG:delta_surge+hist_turn_up+rvol_thrust_up+cvd_up|nk0.5|vm0.8|am_0845_1130,7,0.12,6,1,0,85.7,85.7,6.0,1.5,0.0,20.0
LONG:delta_surge+hist_turn_up+rvol_thrust_up+cvd_up|nk0.5|vm1.2|am_0845_1130,7,0.12,6,1,0,85.7,85.7,6.0,1.5,0.0,20.0
LONG:delta_surge+hist_turn_up+rvol_thrust_up+cvd_up_v|nk0.5|vm0.8|am_0845_1130,7,0.12,6,1,0,85.7,85.7,6.0,1.5,0.0,20.0
LONG:delta_surge+hist_turn_up+rvol_thrust_up+cvd_up_v|nk0.5|vm1.2|am_0845_1130,7,0.12,6,1,0,85.7,85.7,6.0,1.5,0.0,20.0
LONG:delta_surge+hist_turn_up+above_vwap_v+cvd_up|nk0.8|vm0.8|am_0845_1130,7,0.12,6,1,0,85.7,85.7,6.0,1.5,0.3,15.7
LONG:delta_surge+hist_turn_up+above_vwap_v+cvd_up|nk0.8|vm1.2|am_0845_1130,7,0.12,6,1,0,85.7,85.7,6.0,1.5,0.3,15.7
LONG:delta_surge+hist_turn_up+above_vwap_v+cvd_up_v|nk0.8|vm0.8|am_0845_1130,7,0.12,6,1,0,85.7,85.7,6.0,1.5,0.3,15.7
LONG:delta_surge+hist_turn_up+above_vwap_v+cvd_up_v|nk0.8|vm1.2|am_0845_1130,7,0.12,6,1,0,85.7,85.7,6.0,1.5,0.3,15.7
LONG:delta_surge+hist_turn_up+cvd_up+cvd_up_v|nk0.8|vm0.8|am_0845_1130,7,0.12,6,1,0,85.7,85.7,6.0,1.5,0.3,15.7
LONG:delta_surge+hist_turn_up+cvd_up+cvd_up_v|nk0.8|vm1.2|am_0845_1130,7,0.12,6,1,0,85.7,85.7,6.0,1.5,0.3,15.7
LONG:yhigh_break+above_pivot+hist_turn_up+strong_close|nk0.0|vm0.8|pm_1130_1400,7,0.12,6,0,1,85.7,100.0,inf,2.04,0.0,110.7
LONG:yhigh_break+above_pivot+hist_turn_up+strong_close|nk0.5|vm0.8|pm_1130_1400,7,0.12,6,0,1,85.7,100.0,inf,2.04,0.0,110.7
LONG:yhigh_break+above_pivot+hist_turn_up+cvd_up_v|nk0.8|vm0.8|full_0845_1400,7,0.12,6,1,0,85.7,85.7,6.0,1.5,0.3,41.4
LONG:yhigh_break+above_pivot+hist_turn_up+cvd_up_v|nk0.8|vm1.2|full_0845_1400,7,0.12,6,1,0,85.7,85.7,6.0,1.5,0.3,41.4
LONG:yhigh_break+hist_turn_up+cvd_up+cvd_up_v|nk0.8|vm0.8|full_0845_1400,7,0.12,6,1,0,85.7,85.7,6.0,1.5,0.3,41.4
LONG:yhigh_break+hist_turn_up+cvd_up+cvd_up_v|nk0.8|vm1.2|full_0845_1400,7,0.12,6,1,0,85.7,85.7,6.0,1.5,0.3,41.4
LONG:above_pivot+macd_x_up+hist_turn_up+cvd_up|nk0.0|vm1.2|full_0845_1400,7,0.12,6,1,0,85.7,85.7,6.0,1.5,0.3,19.3
LONG:above_pivot+macd_x_up+hist_turn_up+cvd_up|nk0.5|vm1.2|full_0845_1400,7,0.12,6,1,0,85.7,85.7,6.0,1.5,0.3,19.3
LONG:above_pivot+macd_x_up+hist_turn_up+cvd_up|nk0.8|vm1.2|full_0845_1400,7,0.12,6,1,0,85.7,85.7,6.0,1.5,0.3,19.3
LONG:above_pivot+hist_turn_up+above_vwap_v+cvd_up|nk0.5|vm0.8|am_0845_1130,7,0.12,6,1,0,85.7,85.7,6.0,1.5,0.3,15.7
LONG:above_pivot+hist_turn_up+above_vwap_v+cvd_up|nk0.5|vm1.2|am_0845_1130,7,0.12,6,1,0,85.7,85.7,6.0,1.5,0.3,15.7
LONG:above_pivot+hist_turn_up+above_vwap_v+cvd_up|nk0.8|vm0.8|am_0845_1130,7,0.12,6,1,0,85.7,85.7,6.0,1.5,0.3,15.7
LONG:above_pivot+hist_turn_up+above_vwap_v+cvd_up|nk0.8|vm1.2|am_0845_1130,7,0.12,6,1,0,85.7,85.7,6.0,1.5,0.3,15.7
LONG:above_pivot+hist_turn_up+above_vwap_v+cvd_up_v|nk0.5|vm0.8|am_0845_1130,7,0.12,6,1,0,85.7,85.7,6.0,1.5,0.3,15.7
LONG:above_pivot+hist_turn_up+above_vwap_v+cvd_up_v|nk0.5|vm1.2|am_0845_1130,7,0.12,6,1,0,85.7,85.7,6.0,1.5,0.3,15.7
LONG:above_pivot+hist_turn_up+above_vwap_v+cvd_up_v|nk0.8|vm0.8|am_0845_1130,7,0.12,6,1,0,85.7,85.7,6.0,1.5,0.3,15.7
LONG:above_pivot+hist_turn_up+above_vwap_v+cvd_up_v|nk0.8|vm1.2|am_0845_1130,7,0.12,6,1,0,85.7,85.7,6.0,1.5,0.3,15.7
LONG:hist_turn_up+above_vwap_v+cvd_up+cvd_up_v|nk0.8|vm0.8|am_0845_1130,7,0.12,6,1,0,85.7,85.7,6.0,1.5,0.3,15.7
LONG:hist_turn_up+above_vwap_v+cvd_up+cvd_up_v|nk0.8|vm1.2|am_0845_1130,7,0.12,6,1,0,85.7,85.7,6.0,1.5,0.3,15.7
SHORT:below_pivot+macd_x_dn_pos|nk0.0|vm0.8|am_0845_1130,7,0.12,6,1,0,85.7,85.7,6.0,1.5,0.3,32.1
SHORT:hist_turn_dn+cvd_dn_v|nk0.8|vm0.8|am_0845_1130,7,0.12,6,1,0,85.7,85.7,6.0,1.5,0.3,18.6
SHORT:hist_turn_dn+cvd_dn_v|nk0.8|vm1.2|am_0845_1130,7,0.12,6,1,0,85.7,85.7,6.0,1.5,0.3,18.6
SHORT:below_vwap+hist_turn_dn+cvd_dn_v|nk0.8|vm0.8|am_0845_1130,7,0.12,6,1,0,85.7,85.7,6.0,1.5,0.3,18.6
SHORT:below_vwap+hist_turn_dn+cvd_dn_v|nk0.8|vm1.2|am_0845_1130,7,0.12,6,1,0,85.7,85.7,6.0,1.5,0.3,18.6
SHORT:adi_dn+hist_turn_dn+cvd_dn_v|nk0.5|vm0.8|am_0845_1130,7,0.12,6,1,0,85.7,85.7,6.0,1.5,0.3,18.6
SHORT:adi_dn+hist_turn_dn+cvd_dn_v|nk0.5|vm1.2|am_0845_1130,7,0.12,6,1,0,85.7,85.7,6.0,1.5,0.3,18.6
SHORT:adi_dn+hist_turn_dn+cvd_dn_v|nk0.8|vm0.8|am_0845_1130,7,0.12,6,1,0,85.7,85.7,6.0,1.5,0.3,18.6
SHORT:adi_dn+hist_turn_dn+cvd_dn_v|nk0.8|vm1.2|am_0845_1130,7,0.12,6,1,0,85.7,85.7,6.0,1.5,0.3,18.6
SHORT:below_pivot+macd_x_dn+macd_x_dn_pos|nk0.0|vm0.8|am_0845_1130,7,0.12,6,1,0,85.7,85.7,6.0,1.5,0.3,32.1
SHORT:macd_x_dn_pos+weak_close+cvd_dn|nk0.5|vm0.8|am_0845_1130,7,0.12,6,1,0,85.7,85.7,6.0,1.5,0.0,15.0
SHORT:macd_x_dn_pos+weak_close+cvd_dn|nk0.8|vm0.8|am_0845_1130,7,0.12,6,1,0,85.7,85.7,6.0,1.5,0.0,15.0
SHORT:hist_turn_dn+cvd_dn+cvd_dn_v|nk0.8|vm0.8|am_0845_1130,7,0.12,6,1,0,85.7,85.7,6.0,1.5,0.3,18.6
SHORT:hist_turn_dn+cvd_dn+cvd_dn_v|nk0.8|vm1.2|am_0845_1130,7,0.12,6,1,0,85.7,85.7,6.0,1.5,0.3,18.6
SHORT:below_vwap+adi_dn+hist_turn_dn+cvd_dn_v|nk0.5|vm0.8|am_0845_1130,7,0.12,6,1,0,85.7,85.7,6.0,1.5,0.3,18.6
SHORT:below_vwap+adi_dn+hist_turn_dn+cvd_dn_v|nk0.5|vm1.2|am_0845_1130,7,0.12,6,1,0,85.7,85.7,6.0,1.5,0.3,18.6
SHORT:below_vwap+adi_dn+hist_turn_dn+cvd_dn_v|nk0.8|vm0.8|am_0845_1130,7,0.12,6,1,0,85.7,85.7,6.0,1.5,0.3,18.6
SHORT:below_vwap+adi_dn+hist_turn_dn+cvd_dn_v|nk0.8|vm1.2|am_0845_1130,7,0.12,6,1,0,85.7,85.7,6.0,1.5,0.3,18.6
SHORT:below_vwap+macd_x_dn_pos+weak_close+cvd_dn|nk0.5|vm0.8|am_0845_1130,7,0.12,6,1,0,85.7,85.7,6.0,1.5,0.0,15.0
SHORT:below_vwap+macd_x_dn_pos+weak_close+cvd_dn|nk0.8|vm0.8|am_0845_1130,7,0.12,6,1,0,85.7,85.7,6.0,1.5,0.0,15.0
SHORT:below_vwap+hist_turn_dn+cvd_dn+cvd_dn_v|nk0.8|vm0.8|am_0845_1130,7,0.12,6,1,0,85.7,85.7,6.0,1.5,0.3,18.6
SHORT:below_vwap+hist_turn_dn+cvd_dn+cvd_dn_v|nk0.8|vm1.2|am_0845_1130,7,0.12,6,1,0,85.7,85.7,6.0,1.5,0.3,18.6
SHORT:adi_dn+macd_x_dn_pos+weak_close+cvd_dn|nk0.5|vm0.8|am_0845_1130,7,0.12,6,1,0,85.7,85.7,6.0,1.5,0.0,15.0
SHORT:adi_dn+macd_x_dn_pos+weak_close+cvd_dn|nk0.8|vm0.8|am_0845_1130,7,0.12,6,1,0,85.7,85.7,6.0,1.5,0.0,15.0
SHORT:adi_dn+hist_turn_dn+cvd_dn+cvd_dn_v|nk0.5|vm0.8|am_0845_1130,7,0.12,6,1,0,85.7,85.7,6.0,1.5,0.3,18.6
SHORT:adi_dn+hist_turn_dn+cvd_dn+cvd_dn_v|nk0.5|vm1.2|am_0845_1130,7,0.12,6,1,0,85.7,85.7,6.0,1.5,0.3,18.6
SHORT:adi_dn+hist_turn_dn+cvd_dn+cvd_dn_v|nk0.8|vm0.8|am_0845_1130,7,0.12,6,1,0,85.7,85.7,6.0,1.5,0.3,18.6
SHORT:adi_dn+hist_turn_dn+cvd_dn+cvd_dn_v|nk0.8|vm1.2|am_0845_1130,7,0.12,6,1,0,85.7,85.7,6.0,1.5,0.3,18.6
SHORT:macd_x_dn+macd_x_dn_pos+weak_close+cvd_dn|nk0.5|vm0.8|am_0845_1130,7,0.12,6,1,0,85.7,85.7,6.0,1.5,0.0,15.0
SHORT:macd_x_dn+macd_x_dn_pos+weak_close+cvd_dn|nk0.8|vm0.8|am_0845_1130,7,0.12,6,1,0,85.7,85.7,6.0,1.5,0.0,15.0
SHORT:hist_turn_dn+cvd_dn+rsi_thrust_dn|nk0.8|vm0.8|full_0845_1400,6,0.1,5,0,1,83.3,100.0,inf,1.53,0.0,20.8
SHORT:hist_turn_dn+cvd_dn+rsi_thrust_dn|nk0.8|vm0.8|pm_1130_1400,6,0.1,5,0,1,83.3,100.0,inf,1.53,0.0,20.8
SHORT:hist_turn_dn+cvd_dn+rsi_thrust_dn|nk0.8|vm1.2|full_0845_1400,6,0.1,5,0,1,83.3,100.0,inf,1.53,0.0,20.8
SHORT:hist_turn_dn+cvd_dn+rsi_thrust_dn|nk0.8|vm1.2|pm_1130_1400,6,0.1,5,0,1,83.3,100.0,inf,1.53,0.0,20.8
SHORT:hist_turn_dn+cvd_dn_v+rsi_thrust_dn|nk0.8|vm0.8|full_0845_1400,6,0.1,5,0,1,83.3,100.0,inf,1.53,0.0,20.8
SHORT:hist_turn_dn+cvd_dn_v+rsi_thrust_dn|nk0.8|vm0.8|pm_1130_1400,6,0.1,5,0,1,83.3,100.0,inf,1.53,0.0,20.8
SHORT:hist_turn_dn+cvd_dn_v+rsi_thrust_dn|nk0.8|vm1.2|full_0845_1400,6,0.1,5,0,1,83.3,100.0,inf,1.53,0.0,20.8
SHORT:hist_turn_dn+cvd_dn_v+rsi_thrust_dn|nk0.8|vm1.2|pm_1130_1400,6,0.1,5,0,1,83.3,100.0,inf,1.53,0.0,20.8
SHORT:below_vwap+hist_turn_dn+cvd_dn+rsi_thrust_dn|nk0.8|vm0.8|full_0845_1400,6,0.1,5,0,1,83.3,100.0,inf,1.53,0.0,20.8
SHORT:below_vwap+hist_turn_dn+cvd_dn+rsi_thrust_dn|nk0.8|vm0.8|pm_1130_1400,6,0.1,5,0,1,83.3,100.0,inf,1.53,0.0,20.8
SHORT:below_vwap+hist_turn_dn+cvd_dn+rsi_thrust_dn|nk0.8|vm1.2|full_0845_1400,6,0.1,5,0,1,83.3,100.0,inf,1.53,0.0,20.8
SHORT:below_vwap+hist_turn_dn+cvd_dn+rsi_thrust_dn|nk0.8|vm1.2|pm_1130_1400,6,0.1,5,0,1,83.3,100.0,inf,1.53,0.0,20.8
SHORT:below_vwap+hist_turn_dn+cvd_dn_v+rsi_thrust_dn|nk0.8|vm0.8|full_0845_1400,6,0.1,5,0,1,83.3,100.0,inf,1.53,0.0,20.8
SHORT:below_vwap+hist_turn_dn+cvd_dn_v+rsi_thrust_dn|nk0.8|vm0.8|pm_1130_1400,6,0.1,5,0,1,83.3,100.0,inf,1.53,0.0,20.8
SHORT:below_vwap+hist_turn_dn+cvd_dn_v+rsi_thrust_dn|nk0.8|vm1.2|full_0845_1400,6,0.1,5,0,1,83.3,100.0,inf,1.53,0.0,20.8
SHORT:below_vwap+hist_turn_dn+cvd_dn_v+rsi_thrust_dn|nk0.8|vm1.2|pm_1130_1400,6,0.1,5,0,1,83.3,100.0,inf,1.53,0.0,20.8
SHORT:hist_turn_dn+weak_close+cvd_dn+rsi_thrust_dn|nk0.8|vm0.8|full_0845_1400,6,0.1,5,0,1,83.3,100.0,inf,1.53,0.0,20.8
SHORT:hist_turn_dn+weak_close+cvd_dn+rsi_thrust_dn|nk0.8|vm0.8|pm_1130_1400,6,0.1,5,0,1,83.3,100.0,inf,1.53,0.0,20.8
SHORT:hist_turn_dn+weak_close+cvd_dn+rsi_thrust_dn|nk0.8|vm1.2|full_0845_1400,6,0.1,5,0,1,83.3,100.0,inf,1.53,0.0,20.8
SHORT:hist_turn_dn+weak_close+cvd_dn+rsi_thrust_dn|nk0.8|vm1.2|pm_1130_1400,6,0.1,5,0,1,83.3,100.0,inf,1.53,0.0,20.8
SHORT:hist_turn_dn+weak_close+cvd_dn_v+rsi_thrust_dn|nk0.8|vm0.8|full_0845_1400,6,0.1,5,0,1,83.3,100.0,inf,1.53,0.0,20.8
SHORT:hist_turn_dn+weak_close+cvd_dn_v+rsi_thrust_dn|nk0.8|vm0.8|pm_1130_1400,6,0.1,5,0,1,83.3,100.0,inf,1.53,0.0,20.8
SHORT:hist_turn_dn+weak_close+cvd_dn_v+rsi_thrust_dn|nk0.8|vm1.2|full_0845_1400,6,0.1,5,0,1,83.3,100.0,inf,1.53,0.0,20.8
SHORT:hist_turn_dn+weak_close+cvd_dn_v+rsi_thrust_dn|nk0.8|vm1.2|pm_1130_1400,6,0.1,5,0,1,83.3,100.0,inf,1.53,0.0,20.8
SHORT:hist_turn_dn+cvd_dn+cvd_dn_v+rsi_thrust_dn|nk0.8|vm0.8|full_0845_1400,6,0.1,5,0,1,83.3,100.0,inf,1.53,0.0,20.8
SHORT:hist_turn_dn+cvd_dn+cvd_dn_v+rsi_thrust_dn|nk0.8|vm0.8|pm_1130_1400,6,0.1,5,0,1,83.3,100.0,inf,1.53,0.0,20.8
SHORT:hist_turn_dn+cvd_dn+cvd_dn_v+rsi_thrust_dn|nk0.8|vm1.2|full_0845_1400,6,0.1,5,0,1,83.3,100.0,inf,1.53,0.0,20.8
SHORT:hist_turn_dn+cvd_dn+cvd_dn_v+rsi_thrust_dn|nk0.8|vm1.2|pm_1130_1400,6,0.1,5,0,1,83.3,100.0,inf,1.53,0.0,20.8
LONG:adi_up+hist_turn_up+strong_close+orb_break_up|nk0.0|vm1.2|full_0845_1400,11,0.18,9,1,1,81.8,90.0,9.18,2.45,0.3,34.5
LONG:above_pivot+hist_turn_up+rvol_thrust_up|nk0.0|vm0.8|full_0845_1400,15,0.25,12,2,1,80.0,85.7,6.4,3.24,0.3,23.7
LONG:above_pivot+hist_turn_up+rvol_thrust_up|nk0.0|vm1.2|full_0845_1400,15,0.25,12,2,1,80.0,85.7,6.4,3.24,0.3,23.7
LONG:above_vwap+above_pivot+hist_turn_up+rvol_thrust_up|nk0.0|vm0.8|full_0845_1400,15,0.25,12,2,1,80.0,85.7,6.4,3.24,0.3,23.7
LONG:above_vwap+above_pivot+hist_turn_up+rvol_thrust_up|nk0.0|vm1.2|full_0845_1400,15,0.25,12,2,1,80.0,85.7,6.4,3.24,0.3,23.7
LONG:adi_up+above_pivot+hist_turn_up+rvol_thrust_up|nk0.0|vm0.8|full_0845_1400,15,0.25,12,2,1,80.0,85.7,6.4,3.24,0.3,23.7
LONG:adi_up+above_pivot+hist_turn_up+rvol_thrust_up|nk0.0|vm1.2|full_0845_1400,15,0.25,12,2,1,80.0,85.7,6.4,3.24,0.3,23.7
LONG:delta_surge+above_pivot+hist_turn_up+rvol_thrust_up|nk0.0|vm0.8|full_0845_1400,15,0.25,12,2,1,80.0,85.7,6.4,3.24,0.3,23.7
LONG:delta_surge+above_pivot+hist_turn_up+rvol_thrust_up|nk0.0|vm1.2|full_0845_1400,15,0.25,12,2,1,80.0,85.7,6.4,3.24,0.3,23.7
LONG:above_pivot+hist_turn_up+strong_close+rvol_thrust_up|nk0.0|vm0.8|full_0845_1400,15,0.25,12,2,1,80.0,85.7,6.4,3.24,0.3,23.7
LONG:above_pivot+hist_turn_up+strong_close+rvol_thrust_up|nk0.0|vm1.2|full_0845_1400,15,0.25,12,2,1,80.0,85.7,6.4,3.24,0.3,23.7
LONG:above_pivot+hist_turn_up+strong_close+above_vwap_v|nk0.0|vm0.8|full_0845_1400,15,0.25,12,2,1,80.0,85.7,6.4,3.24,0.3,23.7
LONG:above_pivot+hist_turn_up+strong_close+above_vwap_v|nk0.0|vm1.2|full_0845_1400,15,0.25,12,2,1,80.0,85.7,6.4,3.24,0.3,23.7
LONG:above_pivot+hist_turn_up+rvol_thrust_up+above_vwap_v|nk0.0|vm0.8|full_0845_1400,15,0.25,12,2,1,80.0,85.7,6.4,3.24,0.3,23.7
LONG:above_pivot+hist_turn_up+rvol_thrust_up+above_vwap_v|nk0.0|vm1.2|full_0845_1400,15,0.25,12,2,1,80.0,85.7,6.4,3.24,0.3,23.7
LONG:vwap_reclaim+hist_turn_up|nk0.0|vm0.8|pm_1130_1400,10,0.17,8,1,1,80.0,88.9,6.28,2.02,0.3,74.5
LONG:vwap_reclaim+hist_turn_up|nk0.5|vm0.8|pm_1130_1400,10,0.17,8,1,1,80.0,88.9,6.28,2.02,0.3,74.5
LONG:vwap_reclaim+above_vwap+hist_turn_up|nk0.0|vm0.8|pm_1130_1400,10,0.17,8,1,1,80.0,88.9,6.28,2.02,0.3,74.5
LONG:vwap_reclaim+above_vwap+hist_turn_up|nk0.5|vm0.8|pm_1130_1400,10,0.17,8,1,1,80.0,88.9,6.28,2.02,0.3,74.5
LONG:vwap_reclaim+hist_turn_up+strong_close|nk0.0|vm0.8|pm_1130_1400,10,0.17,8,1,1,80.0,88.9,6.28,2.02,0.3,74.5
LONG:vwap_reclaim+hist_turn_up+strong_close|nk0.5|vm0.8|pm_1130_1400,10,0.17,8,1,1,80.0,88.9,6.28,2.02,0.3,74.5
LONG:vwap_reclaim+above_vwap+hist_turn_up+strong_close|nk0.0|vm0.8|pm_1130_1400,10,0.17,8,1,1,80.0,88.9,6.28,2.02,0.3,74.5
LONG:vwap_reclaim+above_vwap+hist_turn_up+strong_close|nk0.5|vm0.8|pm_1130_1400,10,0.17,8,1,1,80.0,88.9,6.28,2.02,0.3,74.5
LONG:adi_up+hist_turn_up+strong_close+orb_break_up|nk0.0|vm1.2|am_0845_1130,10,0.17,8,1,1,80.0,88.9,8.18,2.15,0.3,37.5
LONG:adi_up+hist_turn_up+strong_close+orb_break_up|nk0.5|vm1.2|full_0845_1400,10,0.17,8,1,1,80.0,88.9,8.18,2.15,0.3,36.5
LONG:delta_surge+hist_turn_up+strong_close+orb_break_up|nk0.0|vm0.8|full_0845_1400,10,0.17,8,1,1,80.0,88.9,8.18,2.15,0.3,37.0
LONG:delta_surge+hist_turn_up+strong_close+orb_break_up|nk0.0|vm1.2|full_0845_1400,10,0.17,8,1,1,80.0,88.9,8.18,2.15,0.3,37.0
LONG:hist_turn_up+strong_close+orb_break_up+cvd_up|nk0.0|vm1.2|full_0845_1400,10,0.17,8,1,1,80.0,88.9,8.18,2.15,0.3,35.5
LONG:above_vwap+macd_x_up+hist_turn_up+strong_close|nk0.0|vm1.2|full_0845_1400,9,0.15,7,1,1,77.8,87.5,7.36,1.91,0.3,20.0
LONG:above_vwap+macd_x_up+hist_turn_up+strong_close|nk0.5|vm1.2|full_0845_1400,9,0.15,7,1,1,77.8,87.5,7.36,1.91,0.3,20.0
LONG:above_vwap+macd_x_up+hist_turn_up+strong_close|nk0.8|vm1.2|full_0845_1400,9,0.15,7,1,1,77.8,87.5,7.36,1.91,0.3,20.0
LONG:adi_up+hist_turn_up+strong_close+orb_break_up|nk0.5|vm1.2|am_0845_1130,9,0.15,7,1,1,77.8,87.5,7.18,1.85,0.3,40.0
LONG:delta_surge+hist_turn_up+strong_close+orb_break_up|nk0.0|vm0.8|am_0845_1130,9,0.15,7,1,1,77.8,87.5,7.18,1.85,0.3,40.6
LONG:delta_surge+hist_turn_up+strong_close+orb_break_up|nk0.0|vm1.2|am_0845_1130,9,0.15,7,1,1,77.8,87.5,7.18,1.85,0.3,40.6
LONG:delta_surge+hist_turn_up+strong_close+orb_break_up|nk0.5|vm0.8|full_0845_1400,9,0.15,7,1,1,77.8,87.5,7.18,1.85,0.3,39.4
LONG:delta_surge+hist_turn_up+strong_close+orb_break_up|nk0.5|vm1.2|full_0845_1400,9,0.15,7,1,1,77.8,87.5,7.18,1.85,0.3,39.4
LONG:hist_turn_up+strong_close+orb_break_up+cvd_up|nk0.0|vm1.2|am_0845_1130,9,0.15,7,1,1,77.8,87.5,7.18,1.85,0.3,38.9
LONG:hist_turn_up+strong_close+orb_break_up+cvd_up|nk0.5|vm1.2|full_0845_1400,9,0.15,7,1,1,77.8,87.5,7.18,1.85,0.3,37.8
LONG:yhigh_break+hist_turn_up|nk0.0|vm0.8|pm_1130_1400,8,0.13,6,1,1,75.0,85.7,6.79,1.74,0.3,103.1
LONG:yhigh_break+hist_turn_up|nk0.5|vm0.8|pm_1130_1400,8,0.13,6,1,1,75.0,85.7,6.79,1.74,0.3,103.1
LONG:yhigh_break+above_pivot+hist_turn_up|nk0.0|vm0.8|pm_1130_1400,8,0.13,6,1,1,75.0,85.7,6.79,1.74,0.3,103.1
LONG:yhigh_break+above_pivot+hist_turn_up|nk0.5|vm0.8|pm_1130_1400,8,0.13,6,1,1,75.0,85.7,6.79,1.74,0.3,103.1
LONG:yhigh_break+hist_turn_up+strong_close|nk0.0|vm0.8|mid_1030_1300,8,0.13,6,1,1,75.0,85.7,6.79,1.74,0.3,103.8
LONG:yhigh_break+hist_turn_up+strong_close|nk0.5|vm0.8|mid_1030_1300,8,0.13,6,1,1,75.0,85.7,6.79,1.74,0.3,103.8
LONG:yhigh_break+hist_turn_up+cvd_up_v|nk0.0|vm0.8|full_0845_1400,8,0.13,6,1,1,75.0,85.7,6.79,1.74,0.3,55.0
LONG:yhigh_break+hist_turn_up+cvd_up_v|nk0.0|vm1.2|full_0845_1400,8,0.13,6,1,1,75.0,85.7,6.79,1.74,0.3,55.0
LONG:yhigh_break+hist_turn_up+cvd_up_v|nk0.5|vm0.8|full_0845_1400,8,0.13,6,1,1,75.0,85.7,6.79,1.74,0.3,55.0
LONG:yhigh_break+hist_turn_up+cvd_up_v|nk0.5|vm1.2|full_0845_1400,8,0.13,6,1,1,75.0,85.7,6.79,1.74,0.3,55.0
LONG:above_vwap+yhigh_break+hist_turn_up+cvd_up_v|nk0.0|vm0.8|full_0845_1400,8,0.13,6,1,1,75.0,85.7,6.79,1.74,0.3,55.0
LONG:above_vwap+yhigh_break+hist_turn_up+cvd_up_v|nk0.0|vm1.2|full_0845_1400,8,0.13,6,1,1,75.0,85.7,6.79,1.74,0.3,55.0
LONG:above_vwap+yhigh_break+hist_turn_up+cvd_up_v|nk0.5|vm0.8|full_0845_1400,8,0.13,6,1,1,75.0,85.7,6.79,1.74,0.3,55.0
LONG:above_vwap+yhigh_break+hist_turn_up+cvd_up_v|nk0.5|vm1.2|full_0845_1400,8,0.13,6,1,1,75.0,85.7,6.79,1.74,0.3,55.0
LONG:above_vwap+above_pivot+macd_x_up+hist_turn_up|nk0.0|vm1.2|full_0845_1400,8,0.13,6,1,1,75.0,85.7,6.36,1.61,0.3,21.2
LONG:above_vwap+above_pivot+macd_x_up+hist_turn_up|nk0.5|vm1.2|full_0845_1400,8,0.13,6,1,1,75.0,85.7,6.36,1.61,0.3,21.2
LONG:above_vwap+above_pivot+macd_x_up+hist_turn_up|nk0.8|vm1.2|full_0845_1400,8,0.13,6,1,1,75.0,85.7,6.36,1.61,0.3,21.2
LONG:adi_up+hist_turn_up+strong_close+orb_break_up|nk0.8|vm1.2|full_0845_1400,8,0.13,6,1,1,75.0,85.7,6.18,1.55,0.3,41.9
LONG:delta_surge+hist_turn_up+strong_close+orb_break_up|nk0.5|vm0.8|am_0845_1130,8,0.13,6,1,1,75.0,85.7,6.18,1.55,0.3,43.8
LONG:delta_surge+hist_turn_up+strong_close+orb_break_up|nk0.5|vm1.2|am_0845_1130,8,0.13,6,1,1,75.0,85.7,6.18,1.55,0.3,43.8
LONG:yhigh_break+above_pivot+hist_turn_up+strong_close|nk0.0|vm0.8|mid_1030_1300,8,0.13,6,1,1,75.0,85.7,6.79,1.74,0.3,103.8
LONG:yhigh_break+above_pivot+hist_turn_up+strong_close|nk0.5|vm0.8|mid_1030_1300,8,0.13,6,1,1,75.0,85.7,6.79,1.74,0.3,103.8
LONG:yhigh_break+above_pivot+hist_turn_up+cvd_up_v|nk0.0|vm0.8|full_0845_1400,8,0.13,6,1,1,75.0,85.7,6.79,1.74,0.3,55.0
LONG:yhigh_break+above_pivot+hist_turn_up+cvd_up_v|nk0.0|vm1.2|full_0845_1400,8,0.13,6,1,1,75.0,85.7,6.79,1.74,0.3,55.0
LONG:yhigh_break+above_pivot+hist_turn_up+cvd_up_v|nk0.5|vm0.8|full_0845_1400,8,0.13,6,1,1,75.0,85.7,6.79,1.74,0.3,55.0
LONG:yhigh_break+above_pivot+hist_turn_up+cvd_up_v|nk0.5|vm1.2|full_0845_1400,8,0.13,6,1,1,75.0,85.7,6.79,1.74,0.3,55.0
LONG:yhigh_break+hist_turn_up+cvd_up+cvd_up_v|nk0.0|vm0.8|full_0845_1400,8,0.13,6,1,1,75.0,85.7,6.79,1.74,0.3,55.0
LONG:yhigh_break+hist_turn_up+cvd_up+cvd_up_v|nk0.0|vm1.2|full_0845_1400,8,0.13,6,1,1,75.0,85.7,6.79,1.74,0.3,55.0
LONG:yhigh_break+hist_turn_up+cvd_up+cvd_up_v|nk0.5|vm0.8|full_0845_1400,8,0.13,6,1,1,75.0,85.7,6.79,1.74,0.3,55.0
LONG:yhigh_break+hist_turn_up+cvd_up+cvd_up_v|nk0.5|vm1.2|full_0845_1400,8,0.13,6,1,1,75.0,85.7,6.79,1.74,0.3,55.0
LONG:above_pivot+macd_x_up+hist_turn_up+strong_close|nk0.0|vm1.2|full_0845_1400,8,0.13,6,1,1,75.0,85.7,6.36,1.61,0.0,25.0
LONG:above_pivot+macd_x_up+hist_turn_up+strong_close|nk0.5|vm1.2|full_0845_1400,8,0.13,6,1,1,75.0,85.7,6.36,1.61,0.0,25.0
LONG:above_pivot+macd_x_up+hist_turn_up+strong_close|nk0.8|vm1.2|full_0845_1400,8,0.13,6,1,1,75.0,85.7,6.36,1.61,0.0,25.0
LONG:hist_turn_up+strong_close+orb_break_up+cvd_up|nk0.5|vm1.2|am_0845_1130,8,0.13,6,1,1,75.0,85.7,6.18,1.55,0.3,41.9
LONG:hist_turn_up+strong_close+orb_break_up+cvd_up|nk0.8|vm1.2|full_0845_1400,8,0.13,6,1,1,75.0,85.7,6.18,1.55,0.3,41.9
SHORT:adi_dn+orb_break_dn|nk0.0|vm0.8|pm_1130_1400,8,0.13,6,1,1,75.0,85.7,4.29,1.38,0.3,33.8
SHORT:adi_dn+orb_break_dn|nk0.5|vm0.8|pm_1130_1400,8,0.13,6,1,1,75.0,85.7,4.29,1.38,0.3,33.8
SHORT:below_vwap+adi_dn+orb_break_dn|nk0.0|vm0.8|pm_1130_1400,8,0.13,6,1,1,75.0,85.7,4.29,1.38,0.3,33.8
SHORT:below_vwap+adi_dn+orb_break_dn|nk0.5|vm0.8|pm_1130_1400,8,0.13,6,1,1,75.0,85.7,4.29,1.38,0.3,33.8
SHORT:adi_dn+hist_turn_dn+rsi_thrust_dn|nk0.8|vm0.8|pm_1130_1400,8,0.13,6,1,1,75.0,85.7,6.09,1.53,0.3,16.2
SHORT:adi_dn+hist_turn_dn+rsi_thrust_dn|nk0.8|vm1.2|pm_1130_1400,8,0.13,6,1,1,75.0,85.7,6.09,1.53,0.3,16.2
SHORT:adi_dn+weak_close+orb_break_dn|nk0.0|vm0.8|pm_1130_1400,8,0.13,6,1,1,75.0,85.7,4.29,1.38,0.3,33.8
SHORT:adi_dn+weak_close+orb_break_dn|nk0.5|vm0.8|pm_1130_1400,8,0.13,6,1,1,75.0,85.7,4.29,1.38,0.3,33.8
SHORT:below_vwap+adi_dn+weak_close+orb_break_dn|nk0.0|vm0.8|pm_1130_1400,8,0.13,6,1,1,75.0,85.7,4.29,1.38,0.3,33.8
SHORT:below_vwap+adi_dn+weak_close+orb_break_dn|nk0.5|vm0.8|pm_1130_1400,8,0.13,6,1,1,75.0,85.7,4.29,1.38,0.3,33.8
SHORT:adi_dn+hist_turn_dn+weak_close+rsi_thrust_dn|nk0.8|vm0.8|pm_1130_1400,8,0.13,6,1,1,75.0,85.7,6.09,1.53,0.3,16.2
SHORT:adi_dn+hist_turn_dn+weak_close+rsi_thrust_dn|nk0.8|vm1.2|pm_1130_1400,8,0.13,6,1,1,75.0,85.7,6.09,1.53,0.3,16.2
LONG:macd_x_up+hist_turn_up+strong_close+cvd_up|nk0.0|vm0.8|full_0845_1400,11,0.18,8,1,2,72.7,88.9,7.12,2.1,0.3,25.9
LONG:macd_x_up+hist_turn_up+strong_close+cvd_up|nk0.5|vm0.8|full_0845_1400,11,0.18,8,1,2,72.7,88.9,7.12,2.1,0.3,25.9
LONG:macd_x_up+hist_turn_up+strong_close+cvd_up|nk0.8|vm0.8|full_0845_1400,11,0.18,8,1,2,72.7,88.9,7.12,2.1,0.3,25.9
SHORT:hist_turn_dn+cvd_dn+rsi_thrust_dn|nk0.0|vm0.8|full_0845_1400,7,0.12,5,0,2,71.4,100.0,55.38,1.5,0.03,22.9
SHORT:hist_turn_dn+cvd_dn+rsi_thrust_dn|nk0.0|vm0.8|pm_1130_1400,7,0.12,5,0,2,71.4,100.0,55.38,1.5,0.03,22.9
SHORT:hist_turn_dn+cvd_dn+rsi_thrust_dn|nk0.0|vm1.2|full_0845_1400,7,0.12,5,0,2,71.4,100.0,55.38,1.5,0.03,22.9
SHORT:hist_turn_dn+cvd_dn+rsi_thrust_dn|nk0.0|vm1.2|pm_1130_1400,7,0.12,5,0,2,71.4,100.0,55.38,1.5,0.03,22.9
SHORT:hist_turn_dn+cvd_dn+rsi_thrust_dn|nk0.5|vm0.8|full_0845_1400,7,0.12,5,0,2,71.4,100.0,55.38,1.5,0.03,22.9
SHORT:hist_turn_dn+cvd_dn+rsi_thrust_dn|nk0.5|vm0.8|pm_1130_1400,7,0.12,5,0,2,71.4,100.0,55.38,1.5,0.03,22.9
SHORT:hist_turn_dn+cvd_dn+rsi_thrust_dn|nk0.5|vm1.2|full_0845_1400,7,0.12,5,0,2,71.4,100.0,55.38,1.5,0.03,22.9
SHORT:hist_turn_dn+cvd_dn+rsi_thrust_dn|nk0.5|vm1.2|pm_1130_1400,7,0.12,5,0,2,71.4,100.0,55.38,1.5,0.03,22.9
SHORT:hist_turn_dn+cvd_dn_v+rsi_thrust_dn|nk0.0|vm0.8|full_0845_1400,7,0.12,5,0,2,71.4,100.0,55.38,1.5,0.03,22.9
SHORT:hist_turn_dn+cvd_dn_v+rsi_thrust_dn|nk0.0|vm0.8|pm_1130_1400,7,0.12,5,0,2,71.4,100.0,55.38,1.5,0.03,22.9
SHORT:hist_turn_dn+cvd_dn_v+rsi_thrust_dn|nk0.0|vm1.2|full_0845_1400,7,0.12,5,0,2,71.4,100.0,55.38,1.5,0.03,22.9
SHORT:hist_turn_dn+cvd_dn_v+rsi_thrust_dn|nk0.0|vm1.2|pm_1130_1400,7,0.12,5,0,2,71.4,100.0,55.38,1.5,0.03,22.9
SHORT:hist_turn_dn+cvd_dn_v+rsi_thrust_dn|nk0.5|vm0.8|full_0845_1400,7,0.12,5,0,2,71.4,100.0,55.38,1.5,0.03,22.9
SHORT:hist_turn_dn+cvd_dn_v+rsi_thrust_dn|nk0.5|vm0.8|pm_1130_1400,7,0.12,5,0,2,71.4,100.0,55.38,1.5,0.03,22.9
SHORT:hist_turn_dn+cvd_dn_v+rsi_thrust_dn|nk0.5|vm1.2|full_0845_1400,7,0.12,5,0,2,71.4,100.0,55.38,1.5,0.03,22.9
SHORT:hist_turn_dn+cvd_dn_v+rsi_thrust_dn|nk0.5|vm1.2|pm_1130_1400,7,0.12,5,0,2,71.4,100.0,55.38,1.5,0.03,22.9
SHORT:below_vwap+hist_turn_dn+cvd_dn+rsi_thrust_dn|nk0.0|vm0.8|full_0845_1400,7,0.12,5,0,2,71.4,100.0,55.38,1.5,0.03,22.9
SHORT:below_vwap+hist_turn_dn+cvd_dn+rsi_thrust_dn|nk0.0|vm0.8|pm_1130_1400,7,0.12,5,0,2,71.4,100.0,55.38,1.5,0.03,22.9
SHORT:below_vwap+hist_turn_dn+cvd_dn+rsi_thrust_dn|nk0.0|vm1.2|full_0845_1400,7,0.12,5,0,2,71.4,100.0,55.38,1.5,0.03,22.9
SHORT:below_vwap+hist_turn_dn+cvd_dn+rsi_thrust_dn|nk0.0|vm1.2|pm_1130_1400,7,0.12,5,0,2,71.4,100.0,55.38,1.5,0.03,22.9
SHORT:below_vwap+hist_turn_dn+cvd_dn+rsi_thrust_dn|nk0.5|vm0.8|full_0845_1400,7,0.12,5,0,2,71.4,100.0,55.38,1.5,0.03,22.9
SHORT:below_vwap+hist_turn_dn+cvd_dn+rsi_thrust_dn|nk0.5|vm0.8|pm_1130_1400,7,0.12,5,0,2,71.4,100.0,55.38,1.5,0.03,22.9
SHORT:below_vwap+hist_turn_dn+cvd_dn+rsi_thrust_dn|nk0.5|vm1.2|full_0845_1400,7,0.12,5,0,2,71.4,100.0,55.38,1.5,0.03,22.9
SHORT:below_vwap+hist_turn_dn+cvd_dn+rsi_thrust_dn|nk0.5|vm1.2|pm_1130_1400,7,0.12,5,0,2,71.4,100.0,55.38,1.5,0.03,22.9
SHORT:below_vwap+hist_turn_dn+cvd_dn_v+rsi_thrust_dn|nk0.0|vm0.8|full_0845_1400,7,0.12,5,0,2,71.4,100.0,55.38,1.5,0.03,22.9
SHORT:below_vwap+hist_turn_dn+cvd_dn_v+rsi_thrust_dn|nk0.0|vm0.8|pm_1130_1400,7,0.12,5,0,2,71.4,100.0,55.38,1.5,0.03,22.9
SHORT:below_vwap+hist_turn_dn+cvd_dn_v+rsi_thrust_dn|nk0.0|vm1.2|full_0845_1400,7,0.12,5,0,2,71.4,100.0,55.38,1.5,0.03,22.9
SHORT:below_vwap+hist_turn_dn+cvd_dn_v+rsi_thrust_dn|nk0.0|vm1.2|pm_1130_1400,7,0.12,5,0,2,71.4,100.0,55.38,1.5,0.03,22.9
SHORT:below_vwap+hist_turn_dn+cvd_dn_v+rsi_thrust_dn|nk0.5|vm0.8|full_0845_1400,7,0.12,5,0,2,71.4,100.0,55.38,1.5,0.03,22.9
SHORT:below_vwap+hist_turn_dn+cvd_dn_v+rsi_thrust_dn|nk0.5|vm0.8|pm_1130_1400,7,0.12,5,0,2,71.4,100.0,55.38,1.5,0.03,22.9
SHORT:below_vwap+hist_turn_dn+cvd_dn_v+rsi_thrust_dn|nk0.5|vm1.2|full_0845_1400,7,0.12,5,0,2,71.4,100.0,55.38,1.5,0.03,22.9
SHORT:below_vwap+hist_turn_dn+cvd_dn_v+rsi_thrust_dn|nk0.5|vm1.2|pm_1130_1400,7,0.12,5,0,2,71.4,100.0,55.38,1.5,0.03,22.9
SHORT:hist_turn_dn+weak_close+cvd_dn+rsi_thrust_dn|nk0.0|vm0.8|full_0845_1400,7,0.12,5,0,2,71.4,100.0,55.38,1.5,0.03,22.9
SHORT:hist_turn_dn+weak_close+cvd_dn+rsi_thrust_dn|nk0.0|vm0.8|pm_1130_1400,7,0.12,5,0,2,71.4,100.0,55.38,1.5,0.03,22.9
SHORT:hist_turn_dn+weak_close+cvd_dn+rsi_thrust_dn|nk0.0|vm1.2|full_0845_1400,7,0.12,5,0,2,71.4,100.0,55.38,1.5,0.03,22.9
SHORT:hist_turn_dn+weak_close+cvd_dn+rsi_thrust_dn|nk0.0|vm1.2|pm_1130_1400,7,0.12,5,0,2,71.4,100.0,55.38,1.5,0.03,22.9
SHORT:hist_turn_dn+weak_close+cvd_dn+rsi_thrust_dn|nk0.5|vm0.8|full_0845_1400,7,0.12,5,0,2,71.4,100.0,55.38,1.5,0.03,22.9
SHORT:hist_turn_dn+weak_close+cvd_dn+rsi_thrust_dn|nk0.5|vm0.8|pm_1130_1400,7,0.12,5,0,2,71.4,100.0,55.38,1.5,0.03,22.9
SHORT:hist_turn_dn+weak_close+cvd_dn+rsi_thrust_dn|nk0.5|vm1.2|full_0845_1400,7,0.12,5,0,2,71.4,100.0,55.38,1.5,0.03,22.9
SHORT:hist_turn_dn+weak_close+cvd_dn+rsi_thrust_dn|nk0.5|vm1.2|pm_1130_1400,7,0.12,5,0,2,71.4,100.0,55.38,1.5,0.03,22.9
SHORT:hist_turn_dn+weak_close+cvd_dn_v+rsi_thrust_dn|nk0.0|vm0.8|full_0845_1400,7,0.12,5,0,2,71.4,100.0,55.38,1.5,0.03,22.9
SHORT:hist_turn_dn+weak_close+cvd_dn_v+rsi_thrust_dn|nk0.0|vm0.8|pm_1130_1400,7,0.12,5,0,2,71.4,100.0,55.38,1.5,0.03,22.9
SHORT:hist_turn_dn+weak_close+cvd_dn_v+rsi_thrust_dn|nk0.0|vm1.2|full_0845_1400,7,0.12,5,0,2,71.4,100.0,55.38,1.5,0.03,22.9
SHORT:hist_turn_dn+weak_close+cvd_dn_v+rsi_thrust_dn|nk0.0|vm1.2|pm_1130_1400,7,0.12,5,0,2,71.4,100.0,55.38,1.5,0.03,22.9
SHORT:hist_turn_dn+weak_close+cvd_dn_v+rsi_thrust_dn|nk0.5|vm0.8|full_0845_1400,7,0.12,5,0,2,71.4,100.0,55.38,1.5,0.03,22.9
SHORT:hist_turn_dn+weak_close+cvd_dn_v+rsi_thrust_dn|nk0.5|vm0.8|pm_1130_1400,7,0.12,5,0,2,71.4,100.0,55.38,1.5,0.03,22.9
SHORT:hist_turn_dn+weak_close+cvd_dn_v+rsi_thrust_dn|nk0.5|vm1.2|full_0845_1400,7,0.12,5,0,2,71.4,100.0,55.38,1.5,0.03,22.9
SHORT:hist_turn_dn+weak_close+cvd_dn_v+rsi_thrust_dn|nk0.5|vm1.2|pm_1130_1400,7,0.12,5,0,2,71.4,100.0,55.38,1.5,0.03,22.9
SHORT:hist_turn_dn+cvd_dn+cvd_dn_v+rsi_thrust_dn|nk0.0|vm0.8|full_0845_1400,7,0.12,5,0,2,71.4,100.0,55.38,1.5,0.03,22.9
SHORT:hist_turn_dn+cvd_dn+cvd_dn_v+rsi_thrust_dn|nk0.0|vm0.8|pm_1130_1400,7,0.12,5,0,2,71.4,100.0,55.38,1.5,0.03,22.9
SHORT:hist_turn_dn+cvd_dn+cvd_dn_v+rsi_thrust_dn|nk0.0|vm1.2|full_0845_1400,7,0.12,5,0,2,71.4,100.0,55.38,1.5,0.03,22.9
SHORT:hist_turn_dn+cvd_dn+cvd_dn_v+rsi_thrust_dn|nk0.0|vm1.2|pm_1130_1400,7,0.12,5,0,2,71.4,100.0,55.38,1.5,0.03,22.9
SHORT:hist_turn_dn+cvd_dn+cvd_dn_v+rsi_thrust_dn|nk0.5|vm0.8|full_0845_1400,7,0.12,5,0,2,71.4,100.0,55.38,1.5,0.03,22.9
SHORT:hist_turn_dn+cvd_dn+cvd_dn_v+rsi_thrust_dn|nk0.5|vm0.8|pm_1130_1400,7,0.12,5,0,2,71.4,100.0,55.38,1.5,0.03,22.9
SHORT:hist_turn_dn+cvd_dn+cvd_dn_v+rsi_thrust_dn|nk0.5|vm1.2|full_0845_1400,7,0.12,5,0,2,71.4,100.0,55.38,1.5,0.03,22.9
SHORT:hist_turn_dn+cvd_dn+cvd_dn_v+rsi_thrust_dn|nk0.5|vm1.2|pm_1130_1400,7,0.12,5,0,2,71.4,100.0,55.38,1.5,0.03,22.9
